2025-07-16 17:26:47,885 - __main__ - INFO - Application started - Logging initialized
2025-07-16 17:26:48,721 - numexpr.utils - INFO - NumExpr defaulting to 8 threads.
2025-07-16 17:26:52,799 - __main__ - INFO - Application started - Logging initialized
2025-07-16 17:26:52,905 - __main__ - INFO - Application started - Logging initialized
2025-07-16 17:26:52,936 - helpers - INFO - Admin token validated
2025-07-16 17:26:53,020 - __main__ - INFO - Application started - Logging initialized
2025-07-16 17:27:05,502 - __main__ - INFO - Application started - Logging initialized
2025-07-16 17:27:05,534 - data_storage - INFO - Assessment data received - is_start: None, is_complete: None
2025-07-16 17:27:05,540 - data_storage - INFO - Saved assessment data for Tata Play to C:\Users\HP\OneDrive - DataInfa Solution Private Limited\Projects\DPDP-main\DPDP-main\data\organizations\Tata Play\assessment_20250716_172705.json
2025-07-16 17:27:06,628 - __main__ - INFO - Application started - Logging initialized
2025-07-16 17:27:09,927 - __main__ - INFO - Application started - Logging initialized
2025-07-16 17:27:12,808 - __main__ - INFO - Application started - Logging initialized
2025-07-16 17:27:14,808 - __main__ - INFO - Application started - Logging initialized
2025-07-16 17:27:16,973 - __main__ - INFO - Application started - Logging initialized
2025-07-16 17:27:18,533 - __main__ - INFO - Application started - Logging initialized
2025-07-16 17:27:18,569 - views - INFO - Starting assessment for Tata Play
2025-07-16 17:27:18,570 - data_storage - INFO - Assessment data received - is_start: True, is_complete: None
2025-07-16 17:27:18,570 - data_storage - INFO - Triggering start notification email for Tata Play
2025-07-16 17:27:18,571 - data_storage - INFO - Attempting to connect to SMTP server...
2025-07-16 17:27:21,652 - data_storage - INFO - Assessment notification email sent for Tata Play
2025-07-16 17:27:21,656 - data_storage - INFO - Saved assessment data for Tata Play to C:\Users\HP\OneDrive - DataInfa Solution Private Limited\Projects\DPDP-main\DPDP-main\data\organizations\Tata Play\assessment_20250716_172721.json
2025-07-16 17:27:21,657 - helpers - INFO - Navigating to page: assessment from welcome
2025-07-16 17:27:21,755 - __main__ - INFO - Application started - Logging initialized
2025-07-16 17:27:21,788 - assessment - INFO - Loading questionnaire for regulation: PDPPL, industry: General
2025-07-16 17:27:21,788 - assessment - INFO - Looking for questionnaire for general in C:\Users\HP\OneDrive - DataInfa Solution Private Limited\Projects\DPDP-main\DPDP-main\Questionnaire\PDPPL
2025-07-16 17:27:21,790 - assessment - WARNING - No PDPPL questionnaire found for general in C:\Users\HP\OneDrive - DataInfa Solution Private Limited\Projects\DPDP-main\DPDP-main\Questionnaire\PDPPL, using default
2025-07-16 17:27:21,792 - assessment - INFO - Loading questionnaire from: C:\Users\HP\OneDrive - DataInfa Solution Private Limited\Projects\DPDP-main\DPDP-main\Questionnaire\PDPPL\Oil_and_Gas.json
2025-07-16 17:27:21,793 - assessment - INFO - [CACHE] File exists: C:\Users\HP\OneDrive - DataInfa Solution Private Limited\Projects\DPDP-main\DPDP-main\Questionnaire\PDPPL\Oil_and_Gas.json
2025-07-16 17:27:21,793 - assessment - INFO - [CACHE] File preview: {
  "sections": [
    {
      "name": "Applicability of the PDPPL",
      "weight": 0.06,
      "que...
2025-07-16 17:27:21,794 - assessment - INFO - [CACHE] Loaded questionnaire first section: 'Applicability of the PDPPL'
2025-07-16 17:27:21,796 - views - INFO - [render_assessment] Session selected_country: India
2025-07-16 17:27:21,796 - views - INFO - [render_assessment] Session selected_industry: Banking and finance
2025-07-16 17:27:21,797 - views - INFO - [render_assessment] Mapped industry_for_loader: Banking and finance
2025-07-16 17:27:21,797 - views - INFO - [render_assessment] Using regulation: DPDP for country: India
2025-07-16 17:27:21,797 - assessment - INFO - Loading questionnaire for regulation: DPDP, industry: Banking and finance
2025-07-16 17:27:21,798 - assessment - INFO - Loading questionnaire from: C:\Users\HP\OneDrive - DataInfa Solution Private Limited\Projects\DPDP-main\DPDP-main\Questionnaire\DPDP\banking and finance.json
2025-07-16 17:27:21,798 - assessment - INFO - [CACHE] File exists: C:\Users\HP\OneDrive - DataInfa Solution Private Limited\Projects\DPDP-main\DPDP-main\Questionnaire\DPDP\banking and finance.json
2025-07-16 17:27:21,798 - assessment - INFO - [CACHE] File preview: {
  "sections": [
    {
      "name": "Data Collection and Processing",
      "weight": 0.11,
      ...
2025-07-16 17:27:21,801 - assessment - INFO - [CACHE] Loaded questionnaire first section: 'Data Collection and Processing'
2025-07-16 17:27:21,802 - views - INFO - [render_assessment] Loaded questionnaire for regulation: DPDP, industry: Banking and finance
2025-07-16 17:27:35,723 - __main__ - INFO - Application started - Logging initialized
2025-07-16 17:27:35,861 - __main__ - INFO - Application started - Logging initialized
2025-07-16 17:27:35,896 - assessment - INFO - [CALC] calculate_compliance_score CALLED with regulation_code='PDPPL', industry_code='General'
2025-07-16 17:27:35,899 - assessment - INFO - [CALC] Using passed parameters: regulation='PDPPL', industry='General'
2025-07-16 17:27:35,901 - assessment - INFO - [CALC] About to call get_questionnaire('PDPPL', 'General')
2025-07-16 17:27:35,904 - assessment - INFO - [CALC] Loaded questionnaire has 10 sections for PDPPL/General
2025-07-16 17:27:35,905 - assessment - INFO - [CALC] First 3 section names: ['Applicability of the PDPPL', 'Principles of Data Privacy', 'Permitted Reasons']
2025-07-16 17:27:35,906 - assessment - INFO - [CALC] ALL SECTION NAMES: ['Applicability of the PDPPL', 'Principles of Data Privacy', 'Permitted Reasons', 'Special Nature Processing & Security', "Individuals' Rights & Complaints", 'Governance & Training Awareness', 'Data Privacy Impact Assessment (DPIA) & Privacy by Design', 'Cross Border Data Flows & Third Party Agreements', 'Data Breaches', "Children's Websites"]
2025-07-16 17:27:35,906 - assessment - ERROR - [CALC] CRITICAL ERROR: Loading PDPPL questionnaire when expecting PDPPL!
2025-07-16 17:27:35,906 - assessment - INFO - [CALC] Answer points dictionary has 10 entries
2025-07-16 17:27:35,907 - assessment - INFO - Answer points dictionary has 10 entries
2025-07-16 17:27:35,907 - assessment - WARNING - Response 'No, Work is in progress to implement this requirement.' not found in answer_points
2025-07-16 17:27:35,907 - assessment - WARNING - Response 'Not applicable: This option might apply if your organization does not collect personal data or if the notice is not required due to exemptions.' not found in answer_points
2025-07-16 17:27:35,907 - assessment - WARNING - Response 'Not applicable: This option might apply if consent is not required due to exemptions (e.g., legal obligations).' not found in answer_points
2025-07-16 17:27:35,908 - assessment - WARNING - Response 'Yes, with strict adherence to purpose limitation: The organization ensures that personal data is processed only for the specific purposes outlined in the notice, aligning with the principle of purpose limitation.' not found in answer_points
2025-07-16 17:27:35,908 - assessment - WARNING - Response 'Not applicable: This option might apply if your organization does not handle data under consent exemptions or if such exemptions are not relevant to your operations.' not found in answer_points
2025-07-16 17:27:35,908 - assessment - INFO - Processing scores for 10 sections
2025-07-16 17:27:35,908 - assessment - INFO - Found responses for section indices: [0]
2025-07-16 17:27:35,909 - assessment - INFO - ===== Calculating score for section: Applicability of the PDPPL =====
2025-07-16 17:27:35,909 - assessment - INFO - Question 1: Response = 'No, Work is in progress to implement this requirement.'
2025-07-16 17:27:35,909 - assessment - WARNING - No points assigned for response: 'No, Work is in progress to implement this requirement.'
2025-07-16 17:27:35,909 - assessment - INFO - Section Applicability of the PDPPL score: BEFORE=0.0%, AFTER=0.0% (Corrected)
2025-07-16 17:27:35,910 - assessment - INFO - Section Applicability of the PDPPL: total_points=0.0, max_points=1
2025-07-16 17:27:35,910 - assessment - INFO - ===== Calculating score for section: Principles of Data Privacy =====
2025-07-16 17:27:35,910 - assessment - INFO - Question 1: No response provided
2025-07-16 17:27:35,911 - assessment - INFO - Question 2: No response provided
2025-07-16 17:27:35,911 - assessment - WARNING - Empty responses for section Principles of Data Privacy, using raw score None
2025-07-16 17:27:35,917 - assessment - INFO - Section Principles of Data Privacy score: AFTER=0.0% (Raw score was None)
2025-07-16 17:27:35,917 - assessment - INFO - Section Principles of Data Privacy: No responses, score set to None
2025-07-16 17:27:35,919 - assessment - INFO - Section Principles of Data Privacy: total_points=0.0, max_points=2
2025-07-16 17:27:35,920 - assessment - INFO - ===== Calculating score for section: Permitted Reasons =====
2025-07-16 17:27:35,921 - assessment - INFO - Question 1: No response provided
2025-07-16 17:27:35,922 - assessment - INFO - Question 2: No response provided
2025-07-16 17:27:35,925 - assessment - INFO - Question 3: No response provided
2025-07-16 17:27:35,925 - assessment - WARNING - Empty responses for section Permitted Reasons, using raw score None
2025-07-16 17:27:35,925 - assessment - INFO - Section Permitted Reasons score: AFTER=0.0% (Raw score was None)
2025-07-16 17:27:35,925 - assessment - INFO - Section Permitted Reasons: No responses, score set to None
2025-07-16 17:27:35,925 - assessment - INFO - Section Permitted Reasons: total_points=0.0, max_points=3
2025-07-16 17:27:35,925 - assessment - INFO - ===== Calculating score for section: Special Nature Processing & Security =====
2025-07-16 17:27:35,925 - assessment - INFO - Question 1: No response provided
2025-07-16 17:27:35,925 - assessment - INFO - Question 2: No response provided
2025-07-16 17:27:35,927 - assessment - WARNING - Empty responses for section Special Nature Processing & Security, using raw score None
2025-07-16 17:27:35,927 - assessment - INFO - Section Special Nature Processing & Security score: AFTER=0.0% (Raw score was None)
2025-07-16 17:27:35,927 - assessment - INFO - Section Special Nature Processing & Security: No responses, score set to None
2025-07-16 17:27:35,927 - assessment - INFO - Section Special Nature Processing & Security: total_points=0.0, max_points=2
2025-07-16 17:27:35,927 - assessment - INFO - ===== Calculating score for section: Individuals' Rights & Complaints =====
2025-07-16 17:27:35,928 - assessment - INFO - Question 1: No response provided
2025-07-16 17:27:35,928 - assessment - INFO - Question 2: No response provided
2025-07-16 17:27:35,928 - assessment - WARNING - Empty responses for section Individuals' Rights & Complaints, using raw score None
2025-07-16 17:27:35,929 - assessment - INFO - Section Individuals' Rights & Complaints score: AFTER=0.0% (Raw score was None)
2025-07-16 17:27:35,929 - assessment - INFO - Section Individuals' Rights & Complaints: No responses, score set to None
2025-07-16 17:27:35,929 - assessment - INFO - Section Individuals' Rights & Complaints: total_points=0.0, max_points=2
2025-07-16 17:27:35,929 - assessment - INFO - ===== Calculating score for section: Governance & Training Awareness =====
2025-07-16 17:27:35,929 - assessment - INFO - Question 1: No response provided
2025-07-16 17:27:35,930 - assessment - INFO - Question 2: No response provided
2025-07-16 17:27:35,931 - assessment - INFO - Question 3: No response provided
2025-07-16 17:27:35,931 - assessment - WARNING - Empty responses for section Governance & Training Awareness, using raw score None
2025-07-16 17:27:35,932 - assessment - INFO - Section Governance & Training Awareness score: AFTER=0.0% (Raw score was None)
2025-07-16 17:27:35,932 - assessment - INFO - Section Governance & Training Awareness: No responses, score set to None
2025-07-16 17:27:35,934 - assessment - INFO - Section Governance & Training Awareness: total_points=0.0, max_points=3
2025-07-16 17:27:35,934 - assessment - INFO - ===== Calculating score for section: Data Privacy Impact Assessment (DPIA) & Privacy by Design =====
2025-07-16 17:27:35,934 - assessment - INFO - Question 1: No response provided
2025-07-16 17:27:35,935 - assessment - INFO - Question 2: No response provided
2025-07-16 17:27:35,938 - assessment - WARNING - Empty responses for section Data Privacy Impact Assessment (DPIA) & Privacy by Design, using raw score None
2025-07-16 17:27:35,938 - assessment - INFO - Section Data Privacy Impact Assessment (DPIA) & Privacy by Design score: AFTER=0.0% (Raw score was None)
2025-07-16 17:27:35,940 - assessment - INFO - Section Data Privacy Impact Assessment (DPIA) & Privacy by Design: No responses, score set to None
2025-07-16 17:27:35,941 - assessment - INFO - Section Data Privacy Impact Assessment (DPIA) & Privacy by Design: total_points=0.0, max_points=2
2025-07-16 17:27:35,941 - assessment - INFO - ===== Calculating score for section: Cross Border Data Flows & Third Party Agreements =====
2025-07-16 17:27:35,941 - assessment - INFO - Question 1: No response provided
2025-07-16 17:27:35,941 - assessment - INFO - Question 2: No response provided
2025-07-16 17:27:35,941 - assessment - WARNING - Empty responses for section Cross Border Data Flows & Third Party Agreements, using raw score None
2025-07-16 17:27:35,942 - assessment - INFO - Section Cross Border Data Flows & Third Party Agreements score: AFTER=0.0% (Raw score was None)
2025-07-16 17:27:35,942 - assessment - INFO - Section Cross Border Data Flows & Third Party Agreements: No responses, score set to None
2025-07-16 17:27:35,942 - assessment - INFO - Section Cross Border Data Flows & Third Party Agreements: total_points=0.0, max_points=2
2025-07-16 17:27:35,942 - assessment - INFO - ===== Calculating score for section: Data Breaches =====
2025-07-16 17:27:35,943 - assessment - INFO - Question 1: No response provided
2025-07-16 17:27:35,943 - assessment - WARNING - Empty responses for section Data Breaches, using raw score None
2025-07-16 17:27:35,943 - assessment - INFO - Section Data Breaches score: AFTER=0.0% (Raw score was None)
2025-07-16 17:27:35,943 - assessment - INFO - Section Data Breaches: No responses, score set to None
2025-07-16 17:27:35,943 - assessment - INFO - Section Data Breaches: total_points=0.0, max_points=1
2025-07-16 17:27:35,944 - assessment - INFO - ===== Calculating score for section: Children's Websites =====
2025-07-16 17:27:35,944 - assessment - INFO - Question 1: No response provided
2025-07-16 17:27:35,944 - assessment - WARNING - Empty responses for section Children's Websites, using raw score None
2025-07-16 17:27:35,944 - assessment - INFO - Section Children's Websites score: AFTER=0.0% (Raw score was None)
2025-07-16 17:27:35,945 - assessment - INFO - Section Children's Websites: No responses, score set to None
2025-07-16 17:27:35,945 - assessment - INFO - Section Children's Websites: total_points=0.0, max_points=1
2025-07-16 17:27:35,945 - assessment - INFO - Verifying all sections have scores...
2025-07-16 17:27:35,945 - assessment - INFO - Calculated section scores: {'Applicability of the PDPPL': 0.0, 'Principles of Data Privacy': None, 'Permitted Reasons': None, 'Special Nature Processing & Security': None, "Individuals' Rights & Complaints": None, 'Governance & Training Awareness': None, 'Data Privacy Impact Assessment (DPIA) & Privacy by Design': None, 'Cross Border Data Flows & Third Party Agreements': None, 'Data Breaches': None, "Children's Websites": None}
2025-07-16 17:27:35,946 - assessment - INFO - ===== Calculating weighted overall score =====
2025-07-16 17:27:35,946 - assessment - INFO - Section Applicability of the PDPPL: score=0.00, weight=0.06, contribution=0.00
2025-07-16 17:27:35,946 - assessment - INFO - Section Principles of Data Privacy: SKIPPED (no score)
2025-07-16 17:27:35,946 - assessment - INFO - Section Permitted Reasons: SKIPPED (no score)
2025-07-16 17:27:35,947 - assessment - INFO - Section Special Nature Processing & Security: SKIPPED (no score)
2025-07-16 17:27:35,947 - assessment - INFO - Section Individuals' Rights & Complaints: SKIPPED (no score)
2025-07-16 17:27:35,947 - assessment - INFO - Section Governance & Training Awareness: SKIPPED (no score)
2025-07-16 17:27:35,948 - assessment - INFO - Section Data Privacy Impact Assessment (DPIA) & Privacy by Design: SKIPPED (no score)
2025-07-16 17:27:35,948 - assessment - INFO - Section Cross Border Data Flows & Third Party Agreements: SKIPPED (no score)
2025-07-16 17:27:35,949 - assessment - INFO - Section Data Breaches: SKIPPED (no score)
2025-07-16 17:27:35,949 - assessment - INFO - Section Children's Websites: SKIPPED (no score)
2025-07-16 17:27:35,949 - assessment - INFO - Total weighted score: 0.0, Total weight: 0.06
2025-07-16 17:27:35,950 - assessment - INFO - Overall score calculation: (0.0 / total_weight) * 100 = 0.00%
2025-07-16 17:27:37,974 - __main__ - INFO - Application started - Logging initialized
2025-07-16 17:27:38,109 - __main__ - INFO - Application started - Logging initialized
2025-07-16 17:27:39,445 - __main__ - INFO - Application started - Logging initialized
2025-07-16 17:27:39,569 - __main__ - INFO - Application started - Logging initialized
2025-07-16 17:27:40,616 - __main__ - INFO - Application started - Logging initialized
2025-07-16 17:27:40,756 - __main__ - INFO - Application started - Logging initialized
2025-07-16 17:27:41,573 - __main__ - INFO - Application started - Logging initialized
2025-07-16 17:27:41,706 - __main__ - INFO - Application started - Logging initialized
2025-07-16 17:27:42,763 - __main__ - INFO - Application started - Logging initialized
2025-07-16 17:27:42,942 - __main__ - INFO - Application started - Logging initialized
2025-07-16 17:27:43,520 - __main__ - INFO - Application started - Logging initialized
2025-07-16 17:27:43,659 - __main__ - INFO - Application started - Logging initialized
2025-07-16 17:27:44,395 - __main__ - INFO - Application started - Logging initialized
2025-07-16 17:27:44,536 - __main__ - INFO - Application started - Logging initialized
2025-07-16 17:27:45,270 - __main__ - INFO - Application started - Logging initialized
2025-07-16 17:27:45,397 - __main__ - INFO - Application started - Logging initialized
2025-07-16 17:27:46,737 - __main__ - INFO - Application started - Logging initialized
2025-07-16 17:27:46,887 - __main__ - INFO - Application started - Logging initialized
2025-07-16 17:27:47,521 - __main__ - INFO - Application started - Logging initialized
2025-07-16 17:27:47,651 - __main__ - INFO - Application started - Logging initialized
2025-07-16 17:27:48,307 - __main__ - INFO - Application started - Logging initialized
2025-07-16 17:27:48,435 - __main__ - INFO - Application started - Logging initialized
2025-07-16 17:27:49,269 - __main__ - INFO - Application started - Logging initialized
2025-07-16 17:27:49,400 - __main__ - INFO - Application started - Logging initialized
2025-07-16 17:27:50,488 - __main__ - INFO - Application started - Logging initialized
2025-07-16 17:27:50,640 - __main__ - INFO - Application started - Logging initialized
2025-07-16 17:27:51,244 - __main__ - INFO - Application started - Logging initialized
2025-07-16 17:27:51,372 - __main__ - INFO - Application started - Logging initialized
2025-07-16 17:27:52,148 - __main__ - INFO - Application started - Logging initialized
2025-07-16 17:27:52,283 - __main__ - INFO - Application started - Logging initialized
2025-07-16 17:27:52,962 - __main__ - INFO - Application started - Logging initialized
2025-07-16 17:27:53,100 - __main__ - INFO - Application started - Logging initialized
2025-07-16 17:27:54,280 - __main__ - INFO - Application started - Logging initialized
2025-07-16 17:27:54,422 - __main__ - INFO - Application started - Logging initialized
2025-07-16 17:27:55,379 - __main__ - INFO - Application started - Logging initialized
2025-07-16 17:27:55,516 - __main__ - INFO - Application started - Logging initialized
2025-07-16 17:27:56,508 - __main__ - INFO - Application started - Logging initialized
2025-07-16 17:27:56,661 - __main__ - INFO - Application started - Logging initialized
2025-07-16 17:27:57,140 - __main__ - INFO - Application started - Logging initialized
2025-07-16 17:27:57,285 - __main__ - INFO - Application started - Logging initialized
2025-07-16 17:27:58,166 - __main__ - INFO - Application started - Logging initialized
2025-07-16 17:27:58,318 - __main__ - INFO - Application started - Logging initialized
2025-07-16 17:27:58,814 - __main__ - INFO - Application started - Logging initialized
2025-07-16 17:27:58,954 - __main__ - INFO - Application started - Logging initialized
2025-07-16 17:27:59,604 - __main__ - INFO - Application started - Logging initialized
2025-07-16 17:27:59,750 - __main__ - INFO - Application started - Logging initialized
2025-07-16 17:28:00,382 - __main__ - INFO - Application started - Logging initialized
2025-07-16 17:28:00,511 - __main__ - INFO - Application started - Logging initialized
2025-07-16 17:28:01,930 - __main__ - INFO - Application started - Logging initialized
2025-07-16 17:28:01,983 - assessment - INFO - [CALC] calculate_compliance_score CALLED with regulation_code='DPDP', industry_code='Banking and finance'
2025-07-16 17:28:01,983 - assessment - INFO - [CALC] Using passed parameters: regulation='DPDP', industry='Banking and finance'
2025-07-16 17:28:01,983 - assessment - INFO - [CALC] About to call get_questionnaire('DPDP', 'Banking and finance')
2025-07-16 17:28:01,983 - assessment - INFO - [CALC] Loaded questionnaire has 13 sections for DPDP/Banking and finance
2025-07-16 17:28:01,984 - assessment - INFO - [CALC] First 3 section names: ['Data Collection and Processing', 'Data Principal Rights', 'Data Security Measures']
2025-07-16 17:28:01,984 - assessment - INFO - [CALC] ALL SECTION NAMES: ['Data Collection and Processing', 'Data Principal Rights', 'Data Security Measures', 'Data Breach Notification', 'Data Retention and Erasure', 'Data Accuracy and Completeness', "Children's Data Protection", 'Third-Party Processing', 'Cross-Border Data Transfers', 'Significant Data Fiduciary Obligations', 'Grievance Redressal', 'Exemptions', 'Documentation and Compliance']
2025-07-16 17:28:01,985 - assessment - WARNING - [CALC] UNKNOWN: Questionnaire type unclear for DPDP
2025-07-16 17:28:01,985 - assessment - INFO - [CALC] Answer points dictionary has 175 entries
2025-07-16 17:28:01,985 - assessment - INFO - Answer points dictionary has 175 entries
2025-07-16 17:28:01,986 - assessment - INFO - Processing scores for 13 sections
2025-07-16 17:28:01,986 - assessment - INFO - Found responses for section indices: [0, 1, 2, 3, 4, 5, 6, 7, 8, 9, 10, 11, 12]
2025-07-16 17:28:01,986 - assessment - INFO - ===== Calculating score for section: Data Collection and Processing =====
2025-07-16 17:28:01,986 - assessment - INFO - Question 1: Response = 'No, Work is in progress to implement this requirement.'
2025-07-16 17:28:01,988 - assessment - INFO - Question 1: Points = 0.5
2025-07-16 17:28:01,988 - assessment - INFO - Question 1: Adding 0.5 points, running total = 0.5/1
2025-07-16 17:28:01,988 - assessment - INFO - Question 2: Response = 'Not applicable: This option might apply if your organization does not collect personal data or if the notice is not required due to exemptions.'
2025-07-16 17:28:01,988 - assessment - INFO - Question 2: Points = None
2025-07-16 17:28:01,989 - assessment - INFO - Question 3: Response = 'Not applicable: This option might apply if consent is not required due to exemptions (e.g., legal obligations).'
2025-07-16 17:28:01,989 - assessment - INFO - Question 3: Points = None
2025-07-16 17:28:01,989 - assessment - INFO - Question 4: Response = 'Yes, with strict adherence to purpose limitation: The organization ensures that personal data is processed only for the specific purposes outlined in the notice, aligning with the principle of purpose limitation.'
2025-07-16 17:28:01,989 - assessment - INFO - Question 4: Points = 1.0
2025-07-16 17:28:01,989 - assessment - INFO - Question 4: Adding 1.0 points, running total = 1.5/4
2025-07-16 17:28:01,989 - assessment - INFO - Question 5: Response = 'Not applicable: This option might apply if your organization does not handle data under consent exemptions or if such exemptions are not relevant to your operations.'
2025-07-16 17:28:01,991 - assessment - INFO - Question 5: Points = None
2025-07-16 17:28:01,994 - assessment - INFO - Section Data Collection and Processing score: BEFORE=30.0%, AFTER=30.0% (Corrected)
2025-07-16 17:28:01,996 - assessment - INFO - Section Data Collection and Processing: total_points=1.5, max_points=5
2025-07-16 17:28:01,997 - assessment - INFO - ===== Calculating score for section: Data Principal Rights =====
2025-07-16 17:28:01,997 - assessment - INFO - Question 1: Response = 'Yes, with clear, accessible channels: The organization provides straightforward and user-friendly methods for data principals to request access, correction, or erasure of their personal data, aligning with DPDP Act requirements.'
2025-07-16 17:28:01,999 - assessment - INFO - Question 1: Points = 1.0
2025-07-16 17:28:01,999 - assessment - INFO - Question 1: Adding 1.0 points, running total = 1.0/1
2025-07-16 17:28:02,000 - assessment - INFO - Question 2: Response = 'No, we lack a dedicated feature for submitting requests: The organization does not have a specific feature or web form for customers to submit requests related to their data rights.'
2025-07-16 17:28:02,000 - assessment - INFO - Question 2: Points = 0.0
2025-07-16 17:28:02,000 - assessment - INFO - Question 2: Adding 0.0 points, running total = 1.0/2
2025-07-16 17:28:02,000 - assessment - INFO - Question 3: Response = 'Yes, with established processes and timelines: The organization has developed internal mechanisms to ensure timely responses to data principal requests, typically within the specified timeframe (e.g., 30 days).'
2025-07-16 17:28:02,000 - assessment - INFO - Question 3: Points = 1.0
2025-07-16 17:28:02,001 - assessment - INFO - Question 3: Adding 1.0 points, running total = 2.0/3
2025-07-16 17:28:02,001 - assessment - INFO - Question 4: Response = 'No, we do not publish response timelines: The organization does not provide any information about the timeframe for responding to grievances on its website or app.'
2025-07-16 17:28:02,001 - assessment - INFO - Question 4: Points = 0.0
2025-07-16 17:28:02,001 - assessment - INFO - Question 4: Adding 0.0 points, running total = 2.0/4
2025-07-16 17:28:02,002 - assessment - INFO - Question 5: Response = 'Yes, with clear nomination procedures: The organization provides a straightforward process for data principals to nominate representatives to exercise their rights, especially in cases of incapacity or death.'
2025-07-16 17:28:02,002 - assessment - INFO - Question 5: Points = 1.0
2025-07-16 17:28:02,002 - assessment - INFO - Question 5: Adding 1.0 points, running total = 3.0/5
2025-07-16 17:28:02,002 - assessment - INFO - Section Data Principal Rights score: BEFORE=60.0%, AFTER=60.0% (Corrected)
2025-07-16 17:28:02,003 - assessment - INFO - Section Data Principal Rights: total_points=3.0, max_points=5
2025-07-16 17:28:02,003 - assessment - INFO - ===== Calculating score for section: Data Security Measures =====
2025-07-16 17:28:02,003 - assessment - INFO - Question 1: Response = 'Yes, with comprehensive implementation: The organization has fully implemented a combination of data security measures such as encryption, obfuscation, masking, and virtual tokens to protect personal data.'
2025-07-16 17:28:02,003 - assessment - INFO - Question 1: Points = 1.0
2025-07-16 17:28:02,004 - assessment - INFO - Question 1: Adding 1.0 points, running total = 1.0/1
2025-07-16 17:28:02,004 - assessment - INFO - Question 2: Response = 'Yes, with robust access controls: The organization has implemented strong access controls, including authentication mechanisms, authorization protocols, and access logs to ensure that only authorized personnel can access computer resources handling personal data.'
2025-07-16 17:28:02,004 - assessment - INFO - Question 2: Points = 1.0
2025-07-16 17:28:02,005 - assessment - INFO - Question 2: Adding 1.0 points, running total = 2.0/2
2025-07-16 17:28:02,005 - assessment - INFO - Question 3: Response = 'Not applicable: This option might apply if your organization does not handle personal data or if such systems are not relevant to your operations.'
2025-07-16 17:28:02,005 - assessment - INFO - Question 3: Points = None
2025-07-16 17:28:02,005 - assessment - INFO - Question 4: Response = 'Not applicable: This option might apply if your organization does not handle personal data or if such measures are not relevant to your operations.'
2025-07-16 17:28:02,008 - assessment - INFO - Question 4: Points = None
2025-07-16 17:28:02,009 - assessment - INFO - Question 5: Response = 'No, we do not retain logs and data for the required period: The organization does not retain logs and personal data for at least one year, which could hinder the detection and investigation of unauthorized access.'
2025-07-16 17:28:02,009 - assessment - INFO - Question 5: Points = 0.0
2025-07-16 17:28:02,009 - assessment - INFO - Question 5: Adding 0.0 points, running total = 2.0/5
2025-07-16 17:28:02,010 - assessment - INFO - Section Data Security Measures score: BEFORE=40.0%, AFTER=40.0% (Corrected)
2025-07-16 17:28:02,010 - assessment - INFO - Section Data Security Measures: total_points=2.0, max_points=5
2025-07-16 17:28:02,010 - assessment - INFO - ===== Calculating score for section: Data Breach Notification =====
2025-07-16 17:28:02,013 - assessment - INFO - Question 1: Response = 'Yes, with immediate notification procedures: The organization has established procedures to notify affected data principals promptly and without delay in the event of a personal data breach, ensuring compliance with DPDP Act requirements.'
2025-07-16 17:28:02,016 - assessment - INFO - Question 1: Points = 1.0
2025-07-16 17:28:02,016 - assessment - INFO - Question 1: Adding 1.0 points, running total = 1.0/1
2025-07-16 17:28:02,016 - assessment - INFO - Question 2: Response = 'Partially, but some details are missing: While some information is provided, the notification lacks one or more of the required details, such as the description of the breach, consequences, mitigation measures, or safety advice.'
2025-07-16 17:28:02,017 - assessment - INFO - Question 2: Points = 0.5
2025-07-16 17:28:02,017 - assessment - INFO - Question 2: Adding 0.5 points, running total = 1.5/2
2025-07-16 17:28:02,017 - assessment - INFO - Question 3: Response = 'Partially, but notification procedures need improvement: While some procedures exist, they may not ensure timely notification within the 72-hour timeframe.'
2025-07-16 17:28:02,017 - assessment - INFO - Question 3: Points = 0.5
2025-07-16 17:28:02,019 - assessment - INFO - Question 3: Adding 0.5 points, running total = 2.0/3
2025-07-16 17:28:02,019 - assessment - INFO - Section Data Breach Notification score: BEFORE=66.7%, AFTER=66.7% (Corrected)
2025-07-16 17:28:02,019 - assessment - INFO - Section Data Breach Notification: total_points=2.0, max_points=3
2025-07-16 17:28:02,019 - assessment - INFO - ===== Calculating score for section: Data Retention and Erasure =====
2025-07-16 17:28:02,020 - assessment - INFO - Question 1: Response = 'No, we lack procedures for timely data erasure: The organization does not have specific procedures in place to erase personal data upon withdrawal of consent or request for erasure.'
2025-07-16 17:28:02,020 - assessment - INFO - Question 1: Points = 0.0
2025-07-16 17:28:02,020 - assessment - INFO - Question 1: Adding 0.0 points, running total = 0.0/1
2025-07-16 17:28:02,021 - assessment - INFO - Question 2: Response = 'Manual processes are in place, but they are effective: The organization uses manual processes for erasing personal data, which are effective but may not be as efficient as automated systems.'
2025-07-16 17:28:02,021 - assessment - INFO - Question 2: Points = 0
2025-07-16 17:28:02,021 - assessment - INFO - Question 2: Adding 0 points, running total = 0.0/2
2025-07-16 17:28:02,021 - assessment - INFO - Question 3: Response = 'Manual processes are in place, but they are effective: The organization uses manual processes to notify customers, which are effective but may not always ensure timely notice.'
2025-07-16 17:28:02,022 - assessment - INFO - Question 3: Points = 0
2025-07-16 17:28:02,022 - assessment - INFO - Question 3: Adding 0 points, running total = 0.0/3
2025-07-16 17:28:02,022 - assessment - INFO - Question 4: Response = 'No, we lack secure erasure standards: The organization does not have specific secure erasure standards or procedures in place to ensure that personal data is properly erased.'
2025-07-16 17:28:02,023 - assessment - INFO - Question 4: Points = 0.0
2025-07-16 17:28:02,023 - assessment - INFO - Question 4: Adding 0.0 points, running total = 0.0/4
2025-07-16 17:28:02,023 - assessment - INFO - Section Data Retention and Erasure score: BEFORE=0.0%, AFTER=0.0% (Corrected)
2025-07-16 17:28:02,023 - assessment - INFO - Section Data Retention and Erasure: total_points=0.0, max_points=4
2025-07-16 17:28:02,024 - assessment - INFO - ===== Calculating score for section: Data Accuracy and Completeness =====
2025-07-16 17:28:02,024 - assessment - INFO - Question 1: Response = 'Yes: We have robust processes in place to ensure that all underlying records are complete, accurate, and consistent when processing data for customer decisions.'
2025-07-16 17:28:02,024 - assessment - INFO - Question 1: Points = 1.0
2025-07-16 17:28:02,024 - assessment - INFO - Question 1: Adding 1.0 points, running total = 1.0/1
2025-07-16 17:28:02,025 - assessment - INFO - Question 2: Response = 'Yes, with comprehensive audit logging: The organization has implemented robust audit logs that track all database modifications, including details such as the user, timestamp, type of operation (insert, update, delete), and affected records. These logs are designed to ensure traceability and compliance with security standards.'
2025-07-16 17:28:02,025 - assessment - INFO - Question 2: Points = 1.0
2025-07-16 17:28:02,025 - assessment - INFO - Question 2: Adding 1.0 points, running total = 2.0/2
2025-07-16 17:28:02,025 - assessment - INFO - Section Data Accuracy and Completeness score: BEFORE=100.0%, AFTER=100.0% (Corrected)
2025-07-16 17:28:02,025 - assessment - INFO - Section Data Accuracy and Completeness: total_points=2.0, max_points=2
2025-07-16 17:28:02,025 - assessment - INFO - ===== Calculating score for section: Children's Data Protection =====
2025-07-16 17:28:02,027 - assessment - INFO - Question 1: Response = 'No, we lack mechanisms for obtaining verifiable parental consent: The organization does not have specific mechanisms in place to obtain verifiable parental consent before processing children's data.'
2025-07-16 17:28:02,028 - assessment - INFO - Question 1: Points = 0.0
2025-07-16 17:28:02,028 - assessment - INFO - Question 1: Adding 0.0 points, running total = 0.0/1
2025-07-16 17:28:02,030 - assessment - INFO - Question 2: Response = 'No, we lack technical measures for verification: The organization does not have specific technical measures in place to verify the identity and age of parents.'
2025-07-16 17:28:02,030 - assessment - INFO - Question 2: Points = 0.0
2025-07-16 17:28:02,031 - assessment - INFO - Question 2: Adding 0.0 points, running total = 0.0/2
2025-07-16 17:28:02,032 - assessment - INFO - Question 3: Response = 'Partially, but we need further clarification: While the organization may fit into exempted categories, there is uncertainty about whether all activities qualify for exemptions or if additional conditions must be met.'
2025-07-16 17:28:02,032 - assessment - INFO - Question 3: Points = 0.5
2025-07-16 17:28:02,032 - assessment - INFO - Question 3: Adding 0.5 points, running total = 0.5/3
2025-07-16 17:28:02,032 - assessment - INFO - Section Children's Data Protection score: BEFORE=16.7%, AFTER=16.7% (Corrected)
2025-07-16 17:28:02,033 - assessment - INFO - Section Children's Data Protection: total_points=0.5, max_points=3
2025-07-16 17:28:02,033 - assessment - INFO - ===== Calculating score for section: Third-Party Processing =====
2025-07-16 17:28:02,033 - assessment - INFO - Question 1: Response = 'Yes, with comprehensive contracts: The organization has established valid contracts with third-party processors that clearly outline the processors' responsibilities and obligations, including compliance with data protection laws, security measures, and breach notification requirements.'
2025-07-16 17:28:02,033 - assessment - INFO - Question 1: Points = 1.0
2025-07-16 17:28:02,034 - assessment - INFO - Question 1: Adding 1.0 points, running total = 1.0/1
2025-07-16 17:28:02,034 - assessment - INFO - Question 2: Response = 'Yes, with comprehensive security provisions: The organization's contracts with data processors include detailed provisions for security safeguards, such as encryption, access controls, and breach notification requirements, ensuring compliance with data protection regulations.'
2025-07-16 17:28:02,034 - assessment - INFO - Question 2: Points = 1.0
2025-07-16 17:28:02,034 - assessment - INFO - Question 2: Adding 1.0 points, running total = 2.0/2
2025-07-16 17:28:02,034 - assessment - INFO - Section Third-Party Processing score: BEFORE=100.0%, AFTER=100.0% (Corrected)
2025-07-16 17:28:02,035 - assessment - INFO - Section Third-Party Processing: total_points=2.0, max_points=2
2025-07-16 17:28:02,035 - assessment - INFO - ===== Calculating score for section: Cross-Border Data Transfers =====
2025-07-16 17:28:02,035 - assessment - INFO - Question 1: Response = 'Partially, but compliance needs improvement: While some efforts are made to comply with data localization norms, there may be areas where compliance is incomplete or inconsistent, requiring further adjustments to meet regulatory requirements.'
2025-07-16 17:28:02,035 - assessment - INFO - Question 1: Points = 0.5
2025-07-16 17:28:02,035 - assessment - INFO - Question 1: Adding 0.5 points, running total = 0.5/1
2025-07-16 17:28:02,035 - assessment - INFO - Question 2: Response = 'Yes, with strict compliance: The organization ensures that specified personal data and traffic data, as designated by the Central Government, are processed domestically and not transferred outside India, in compliance with the DPDP Rules.'
2025-07-16 17:28:02,036 - assessment - INFO - Question 2: Points = 1.0
2025-07-16 17:28:02,036 - assessment - INFO - Question 2: Adding 1.0 points, running total = 1.5/2
2025-07-16 17:28:02,036 - assessment - INFO - Question 3: Response = 'Yes, with full compliance: The organization fully complies with the Central Government's requirements for making personal data available to foreign entities, adhering to any restrictions or conditions set forth by the government regarding cross-border data transfers.'
2025-07-16 17:28:02,036 - assessment - INFO - Question 3: Points = 1.0
2025-07-16 17:28:02,036 - assessment - INFO - Question 3: Adding 1.0 points, running total = 2.5/3
2025-07-16 17:28:02,036 - assessment - INFO - Section Cross-Border Data Transfers score: BEFORE=83.3%, AFTER=83.3% (Corrected)
2025-07-16 17:28:02,037 - assessment - INFO - Section Cross-Border Data Transfers: total_points=2.5, max_points=3
2025-07-16 17:28:02,037 - assessment - INFO - ===== Calculating score for section: Significant Data Fiduciary Obligations =====
2025-07-16 17:28:02,037 - assessment - INFO - Question 1: Response = 'Yes, with regular DPIAs and audits: The organization conducts Data Protection Impact Assessments (DPIAs) and audits annually, as required for Significant Data Fiduciaries, to evaluate data processing risks and ensure compliance with the DPDP Act.'
2025-07-16 17:28:02,038 - assessment - INFO - Question 1: Points = 1.0
2025-07-16 17:28:02,038 - assessment - INFO - Question 1: Adding 1.0 points, running total = 1.0/1
2025-07-16 17:28:02,038 - assessment - INFO - Question 2: Response = 'Not applicable: This option might apply if your organization is not classified as a Significant Data Fiduciary or if such reporting requirements do not apply to your operations.'
2025-07-16 17:28:02,038 - assessment - INFO - Question 2: Points = None
2025-07-16 17:28:02,039 - assessment - INFO - Question 3: Response = 'Not applicable: This option might apply if your organization does not use algorithmic software for processing personal data or if such due diligence requirements do not apply to your operations.'
2025-07-16 17:28:02,039 - assessment - INFO - Question 3: Points = None
2025-07-16 17:28:02,039 - assessment - INFO - Section Significant Data Fiduciary Obligations score: BEFORE=33.3%, AFTER=33.3% (Corrected)
2025-07-16 17:28:02,039 - assessment - INFO - Section Significant Data Fiduciary Obligations: total_points=1.0, max_points=3
2025-07-16 17:28:02,039 - assessment - INFO - ===== Calculating score for section: Grievance Redressal =====
2025-07-16 17:28:02,040 - assessment - INFO - Question 1: Response = 'No, we lack a grievance redressal mechanism: The organization does not have a specific mechanism in place to address grievances from data principals, which could lead to non-compliance with the DPDP Act.'
2025-07-16 17:28:02,040 - assessment - INFO - Question 1: Points = 0.0
2025-07-16 17:28:02,040 - assessment - INFO - Question 1: Adding 0.0 points, running total = 0.0/1
2025-07-16 17:28:02,041 - assessment - INFO - Question 2: Response = 'No, we have not published the timeframe: The organization has not published the timeframe for responding to grievances on its website or app, which could lead to non-compliance with the DPDP Act's transparency requirements.'
2025-07-16 17:28:02,041 - assessment - INFO - Question 2: Points = 0.0
2025-07-16 17:28:02,042 - assessment - INFO - Question 2: Adding 0.0 points, running total = 0.0/2
2025-07-16 17:28:02,042 - assessment - INFO - Question 3: Response = 'Partially, but measures need improvement: While some technical and organizational measures exist, they may not fully ensure the effectiveness of the grievance redressal system, requiring further enhancements to meet regulatory standards.'
2025-07-16 17:28:02,042 - assessment - INFO - Question 3: Points = 0.5
2025-07-16 17:28:02,042 - assessment - INFO - Question 3: Adding 0.5 points, running total = 0.5/3
2025-07-16 17:28:02,042 - assessment - INFO - Section Grievance Redressal score: BEFORE=16.7%, AFTER=16.7% (Corrected)
2025-07-16 17:28:02,042 - assessment - INFO - Section Grievance Redressal: total_points=0.5, max_points=3
2025-07-16 17:28:02,043 - assessment - INFO - ===== Calculating score for section: Exemptions =====
2025-07-16 17:28:02,043 - assessment - INFO - Question 1: Response = 'Partially, but awareness needs improvement: While some awareness exists about these exemptions, there may be a lack of clarity or understanding about their scope and application, requiring further education or guidance.'
2025-07-16 17:28:02,043 - assessment - INFO - Question 1: Points = 0.5
2025-07-16 17:28:02,043 - assessment - INFO - Question 1: Adding 0.5 points, running total = 0.5/1
2025-07-16 17:28:02,043 - assessment - INFO - Question 2: Response = 'Yes, we have received exemptions: The organization has been granted exemptions by the government based on the volume and nature of personal data processed, which may apply to startups or other entities meeting specific criteria.'
2025-07-16 17:28:02,044 - assessment - INFO - Question 2: Points = 1.0
2025-07-16 17:28:02,044 - assessment - INFO - Question 2: Adding 1.0 points, running total = 1.5/2
2025-07-16 17:28:02,044 - assessment - INFO - Section Exemptions score: BEFORE=75.0%, AFTER=75.0% (Corrected)
2025-07-16 17:28:02,044 - assessment - INFO - Section Exemptions: total_points=1.5, max_points=2
2025-07-16 17:28:02,044 - assessment - INFO - ===== Calculating score for section: Documentation and Compliance =====
2025-07-16 17:28:02,045 - assessment - INFO - Question 1: Response = 'Yes, with comprehensive documentation: The organization has thoroughly documented all processes related to personal data protection, including records of processing activities, data protection impact assessments (DPIAs), technical and organizational measures (TOMs), and policies for handling personal data. This documentation is maintained in a granular and meaningful way, ensuring compliance with data protection regulations.'
2025-07-16 17:28:02,045 - assessment - INFO - Question 1: Points = 1.0
2025-07-16 17:28:02,045 - assessment - INFO - Question 1: Adding 1.0 points, running total = 1.0/1
2025-07-16 17:28:02,045 - assessment - INFO - Question 2: Response = 'Partially, but reviews and updates need improvement: While some reviews and updates occur, they may not be as frequent or comprehensive as needed, requiring further enhancements to maintain compliance and effectiveness.'
2025-07-16 17:28:02,046 - assessment - INFO - Question 2: Points = 0.5
2025-07-16 17:28:02,046 - assessment - INFO - Question 2: Adding 0.5 points, running total = 1.5/2
2025-07-16 17:28:02,046 - assessment - INFO - Question 3: Response = 'No, we have not appointed a DPO or designated person: The organization does not have a DPO or a designated person responsible for data protection, which could lead to compliance issues and difficulties in managing data-related inquiries.'
2025-07-16 17:28:02,047 - assessment - INFO - Question 3: Points = 0.0
2025-07-16 17:28:02,047 - assessment - INFO - Question 3: Adding 0.0 points, running total = 1.5/3
2025-07-16 17:28:02,047 - assessment - INFO - Question 4: Response = 'Yes, with comprehensive training programs: The organization conducts regular and comprehensive training sessions for all staff on DPDP compliance requirements. These sessions cover key aspects such as data protection principles, consent management, data security, and handling personal data breaches, ensuring that employees are well-informed and compliant.'
2025-07-16 17:28:02,049 - assessment - INFO - Question 4: Points = 1.0
2025-07-16 17:28:02,050 - assessment - INFO - Question 4: Adding 1.0 points, running total = 2.5/4
2025-07-16 17:28:02,050 - assessment - INFO - Question 5: Response = 'Partially, but the process needs improvement: While some efforts are made to monitor changes, such as occasional reviews or informal updates, the process is not systematic or comprehensive enough to ensure full compliance with evolving regulations.'
2025-07-16 17:28:02,050 - assessment - INFO - Question 5: Points = 0.5
2025-07-16 17:28:02,051 - assessment - INFO - Question 5: Adding 0.5 points, running total = 3.0/5
2025-07-16 17:28:02,051 - assessment - INFO - Section Documentation and Compliance score: BEFORE=60.0%, AFTER=60.0% (Corrected)
2025-07-16 17:28:02,051 - assessment - INFO - Section Documentation and Compliance: total_points=3.0, max_points=5
2025-07-16 17:28:02,051 - assessment - INFO - Verifying all sections have scores...
2025-07-16 17:28:02,051 - assessment - INFO - Calculated section scores: {'Data Collection and Processing': 0.3, 'Data Principal Rights': 0.6, 'Data Security Measures': 0.4, 'Data Breach Notification': 0.6666666666666666, 'Data Retention and Erasure': 0.0, 'Data Accuracy and Completeness': 1.0, "Children's Data Protection": 0.16666666666666666, 'Third-Party Processing': 1.0, 'Cross-Border Data Transfers': 0.8333333333333334, 'Significant Data Fiduciary Obligations': 0.3333333333333333, 'Grievance Redressal': 0.16666666666666666, 'Exemptions': 0.75, 'Documentation and Compliance': 0.6}
2025-07-16 17:28:02,052 - assessment - INFO - ===== Calculating weighted overall score =====
2025-07-16 17:28:02,052 - assessment - INFO - Section Data Collection and Processing: score=0.30, weight=0.11, contribution=0.03
2025-07-16 17:28:02,052 - assessment - INFO - Section Data Principal Rights: score=0.60, weight=0.11, contribution=0.07
2025-07-16 17:28:02,052 - assessment - INFO - Section Data Security Measures: score=0.40, weight=0.13, contribution=0.05
2025-07-16 17:28:02,052 - assessment - INFO - Section Data Breach Notification: score=0.67, weight=0.10, contribution=0.07
2025-07-16 17:28:02,053 - assessment - INFO - Section Data Retention and Erasure: score=0.00, weight=0.05, contribution=0.00
2025-07-16 17:28:02,053 - assessment - INFO - Section Data Accuracy and Completeness: score=1.00, weight=0.08, contribution=0.08
2025-07-16 17:28:02,054 - assessment - INFO - Section Children's Data Protection: score=0.17, weight=0.03, contribution=0.00
2025-07-16 17:28:02,054 - assessment - INFO - Section Third-Party Processing: score=1.00, weight=0.08, contribution=0.08
2025-07-16 17:28:02,054 - assessment - INFO - Section Cross-Border Data Transfers: score=0.83, weight=0.06, contribution=0.05
2025-07-16 17:28:02,054 - assessment - INFO - Section Significant Data Fiduciary Obligations: score=0.33, weight=0.10, contribution=0.03
2025-07-16 17:28:02,054 - assessment - INFO - Section Grievance Redressal: score=0.17, weight=0.05, contribution=0.01
2025-07-16 17:28:02,055 - assessment - INFO - Section Exemptions: score=0.75, weight=0.03, contribution=0.02
2025-07-16 17:28:02,055 - assessment - INFO - Section Documentation and Compliance: score=0.60, weight=0.06, contribution=0.04
2025-07-16 17:28:02,055 - assessment - INFO - Total weighted score: 0.5328333333333334, Total weight: 0.99
2025-07-16 17:28:02,056 - assessment - INFO - Overall score calculation: (0.5328333333333334 / total_weight) * 100 = 53.82%
2025-07-16 17:28:02,057 - assessment - INFO - Added recommendation from partial match: Strengthen compliance with data localization norms by reviewing current storage practices and ensuring full adherence to RBI and IRDAI regulations.

**Informatica Solution:** Utilize Informatica Data Engineering Integration with its comprehensive data lineage capabilities to track and ensure data remains within Indian borders as required by regulations.
2025-07-16 17:28:02,158 - __main__ - INFO - Application started - Logging initialized
2025-07-16 17:28:04,326 - views - INFO - Requesting AI report generation with the following configuration:
2025-07-16 17:28:04,326 - views - INFO - AI enabled: True
2025-07-16 17:28:04,326 - views - INFO - API key available: Yes
2025-07-16 17:28:04,326 - views - INFO - API provider: openrouter
2025-07-16 17:28:04,327 - nlg_report - INFO - AI API is fully configured and enabled
2025-07-16 17:28:04,327 - nlg_report - INFO - Configuring OpenRouter API client
2025-07-16 17:28:04,995 - nlg_report - INFO - OpenRouter client configured with model: deepseek/deepseek-chat-v3-0324:free
2025-07-16 17:28:04,995 - nlg_report - INFO - Creating AI prompt for markdown format from context data
2025-07-16 17:28:04,995 - nlg_report - INFO - Created prompt with length: 8604 characters
2025-07-16 17:28:04,996 - nlg_report - INFO - Making API request attempt 1/3
2025-07-16 17:28:04,996 - nlg_report - INFO - Sending request to OpenRouter API
2025-07-16 17:28:08,166 - httpx - INFO - HTTP Request: POST https://openrouter.ai/api/v1/chat/completions "HTTP/1.1 200 OK"
2025-07-16 17:28:30,978 - nlg_report - INFO - Received full API response
2025-07-16 17:28:30,978 - nlg_report - INFO - API call completed successfully in 25.98 seconds
2025-07-16 17:28:30,979 - nlg_report - INFO - Received valid response with content length: 3735 characters
2025-07-16 17:28:31,339 - views - INFO - Report generation completed in 27.01 seconds
2025-07-16 17:28:31,339 - views - INFO - Report length: 3735 characters
2025-07-16 17:28:31,345 - views - INFO - Looking for logo at: C:\Users\HP\OneDrive - DataInfa Solution Private Limited\Projects\DPDP-main\DPDP-main\Assets\@DataINFA.png
2025-07-16 17:28:31,355 - views - INFO - Looking for logo at: C:\Users\HP\OneDrive - DataInfa Solution Private Limited\Projects\DPDP-main\DPDP-main\Assets\@DataINFA.png
2025-07-16 17:28:31,418 - views - INFO - Temporary PDF output path: C:\Users\HP\AppData\Local\Temp\tmpticivlau.pdf
2025-07-16 17:28:31,419 - views - INFO - Attempting conversion and save to: C:\Users\HP\AppData\Local\Temp\tmpticivlau.pdf
2025-07-16 17:28:31,458 - views - INFO - markdown-pdf save operation completed for C:\Users\HP\AppData\Local\Temp\tmpticivlau.pdf
2025-07-16 17:28:31,459 - views - INFO - Output PDF file exists: C:\Users\HP\AppData\Local\Temp\tmpticivlau.pdf
2025-07-16 17:28:31,485 - views - INFO - Successfully read 145161 bytes from C:\Users\HP\AppData\Local\Temp\tmpticivlau.pdf
2025-07-16 17:28:31,485 - views - INFO - Cleaned up temporary PDF file: C:\Users\HP\AppData\Local\Temp\tmpticivlau.pdf
2025-07-16 17:28:31,552 - views - INFO - [render_assessment] Mapped regulation_for_loader: DPDP
2025-07-16 17:39:17,329 - config - INFO - Base directory: C:\Users\HP\OneDrive - DataInfa Solution Private Limited\Projects\DPDP-main\DPDP-main
2025-07-16 17:39:17,330 - config - INFO - Loaded 3 API key(s).
2025-07-16 17:39:17,333 - __main__ - INFO - Application started - Logging initialized
2025-07-16 17:39:17,495 - assessment - INFO - [CACHE] CLEARING ALL QUESTIONNAIRE CACHES due to clear_questionnaire_cache flag
2025-07-16 17:39:17,496 - assessment - INFO - [CACHE] Manual cache also cleared
2025-07-16 17:39:17,496 - assessment - INFO - [CACHE] Cache clearing completed for regulation: DPDP, industry: Banking and finance
2025-07-16 17:39:17,496 - assessment - INFO - Loading questionnaire for regulation: DPDP, industry: Banking and finance
2025-07-16 17:39:17,498 - assessment - INFO - Loading questionnaire from: C:\Users\HP\OneDrive - DataInfa Solution Private Limited\Projects\DPDP-main\DPDP-main\Questionnaire\DPDP\banking and finance.json
2025-07-16 17:39:17,498 - assessment - INFO - [CACHE] File exists: C:\Users\HP\OneDrive - DataInfa Solution Private Limited\Projects\DPDP-main\DPDP-main\Questionnaire\DPDP\banking and finance.json
2025-07-16 17:39:17,499 - assessment - INFO - [CACHE] File preview: {
  "sections": [
    {
      "name": "Data Collection and Processing",
      "weight": 0.11,
      ...
2025-07-16 17:39:17,501 - assessment - INFO - [CACHE] Loaded questionnaire first section: 'Data Collection and Processing'
2025-07-16 17:39:17,695 - views - INFO - [render_assessment] Mapped regulation_for_loader: DPDP
2025-07-16 17:39:28,031 - __main__ - INFO - Application started - Logging initialized
2025-07-16 17:39:29,871 - __main__ - INFO - Application started - Logging initialized
2025-07-16 17:39:30,013 - __main__ - INFO - Application started - Logging initialized
2025-07-16 17:39:30,046 - helpers - INFO - Admin token validated
2025-07-16 17:39:30,168 - __main__ - INFO - Application started - Logging initialized
2025-07-16 17:39:33,656 - __main__ - INFO - Application started - Logging initialized
2025-07-16 17:39:33,688 - data_storage - INFO - Assessment data received - is_start: None, is_complete: None
2025-07-16 17:39:33,693 - data_storage - INFO - Saved assessment data for Ad to C:\Users\HP\OneDrive - DataInfa Solution Private Limited\Projects\DPDP-main\DPDP-main\data\organizations\Ad\assessment_20250716_173933.json
2025-07-16 17:39:34,783 - __main__ - INFO - Application started - Logging initialized
2025-07-16 17:39:36,702 - __main__ - INFO - Application started - Logging initialized
2025-07-16 17:39:36,730 - views - INFO - Starting assessment for Ad
2025-07-16 17:39:36,731 - data_storage - INFO - Assessment data received - is_start: True, is_complete: None
2025-07-16 17:39:36,731 - data_storage - INFO - Triggering start notification email for Ad
2025-07-16 17:39:36,732 - data_storage - INFO - Attempting to connect to SMTP server...
2025-07-16 17:39:39,758 - data_storage - INFO - Assessment notification email sent for Ad
2025-07-16 17:39:39,762 - data_storage - INFO - Saved assessment data for Ad to C:\Users\HP\OneDrive - DataInfa Solution Private Limited\Projects\DPDP-main\DPDP-main\data\organizations\Ad\assessment_20250716_173939.json
2025-07-16 17:39:39,763 - helpers - INFO - Navigating to page: assessment from welcome
2025-07-16 17:39:39,910 - __main__ - INFO - Application started - Logging initialized
2025-07-16 17:39:39,958 - assessment - INFO - Loading questionnaire for regulation: PDPPL, industry: General
2025-07-16 17:39:39,958 - assessment - INFO - Looking for questionnaire for general in C:\Users\HP\OneDrive - DataInfa Solution Private Limited\Projects\DPDP-main\DPDP-main\Questionnaire\PDPPL
2025-07-16 17:39:39,960 - assessment - WARNING - No PDPPL questionnaire found for general in C:\Users\HP\OneDrive - DataInfa Solution Private Limited\Projects\DPDP-main\DPDP-main\Questionnaire\PDPPL, using default
2025-07-16 17:39:39,961 - assessment - INFO - Loading questionnaire from: C:\Users\HP\OneDrive - DataInfa Solution Private Limited\Projects\DPDP-main\DPDP-main\Questionnaire\PDPPL\Oil_and_Gas.json
2025-07-16 17:39:39,962 - assessment - INFO - [CACHE] File exists: C:\Users\HP\OneDrive - DataInfa Solution Private Limited\Projects\DPDP-main\DPDP-main\Questionnaire\PDPPL\Oil_and_Gas.json
2025-07-16 17:39:39,962 - assessment - INFO - [CACHE] File preview: {
  "sections": [
    {
      "name": "Applicability of the PDPPL",
      "weight": 0.06,
      "que...
2025-07-16 17:39:39,963 - assessment - INFO - [CACHE] Loaded questionnaire first section: 'Applicability of the PDPPL'
2025-07-16 17:39:39,964 - views - INFO - [render_assessment] Session selected_country: India
2025-07-16 17:39:39,964 - views - INFO - [render_assessment] Session selected_industry: Banking and finance
2025-07-16 17:39:39,965 - views - INFO - [render_assessment] Mapped industry_for_loader: Banking and finance
2025-07-16 17:39:39,966 - views - INFO - [render_assessment] Using regulation: DPDP for country: India
2025-07-16 17:39:39,966 - views - INFO - [render_assessment] Loaded questionnaire for regulation: DPDP, industry: Banking and finance
2025-07-16 17:39:43,242 - __main__ - INFO - Application started - Logging initialized
2025-07-16 17:39:43,556 - __main__ - INFO - Application started - Logging initialized
2025-07-16 17:39:43,595 - assessment - INFO - [CALC] calculate_compliance_score CALLED with regulation_code='PDPPL', industry_code='General'
2025-07-16 17:39:43,595 - assessment - INFO - [CALC] Using passed parameters: regulation='PDPPL', industry='General'
2025-07-16 17:39:43,596 - assessment - INFO - [CALC] About to call get_questionnaire('PDPPL', 'General')
2025-07-16 17:39:43,598 - assessment - INFO - [CALC] Loaded questionnaire has 10 sections for PDPPL/General
2025-07-16 17:39:43,598 - assessment - INFO - [CALC] First 3 section names: ['Applicability of the PDPPL', 'Principles of Data Privacy', 'Permitted Reasons']
2025-07-16 17:39:43,598 - assessment - INFO - [CALC] ALL SECTION NAMES: ['Applicability of the PDPPL', 'Principles of Data Privacy', 'Permitted Reasons', 'Special Nature Processing & Security', "Individuals' Rights & Complaints", 'Governance & Training Awareness', 'Data Privacy Impact Assessment (DPIA) & Privacy by Design', 'Cross Border Data Flows & Third Party Agreements', 'Data Breaches', "Children's Websites"]
2025-07-16 17:39:43,598 - assessment - ERROR - [CALC] CRITICAL ERROR: Loading PDPPL questionnaire when expecting PDPPL!
2025-07-16 17:39:43,598 - assessment - INFO - [CALC] Answer points dictionary has 10 entries
2025-07-16 17:39:43,598 - assessment - INFO - Answer points dictionary has 10 entries
2025-07-16 17:39:43,599 - assessment - WARNING - Response 'No, Work is in progress to implement this requirement.' not found in answer_points
2025-07-16 17:39:43,599 - assessment - WARNING - Response 'Yes, with detailed itemization: The notice provides a clear, detailed list of all personal data collected and specifies the exact purposes for their use.' not found in answer_points
2025-07-16 17:39:43,599 - assessment - WARNING - Response 'Not applicable: This option might apply if consent is not required due to exemptions (e.g., legal obligations).' not found in answer_points
2025-07-16 17:39:43,599 - assessment - WARNING - Response 'Yes, with strict adherence to purpose limitation: The organization ensures that personal data is processed only for the specific purposes outlined in the notice, aligning with the principle of purpose limitation.' not found in answer_points
2025-07-16 17:39:43,599 - assessment - WARNING - Response 'Partially, but verification processes need improvement: While some verification processes exist, they may not fully align with DPDP Act standards or could be more robust.' not found in answer_points
2025-07-16 17:39:43,600 - assessment - INFO - Processing scores for 10 sections
2025-07-16 17:39:43,600 - assessment - INFO - Found responses for section indices: [0]
2025-07-16 17:39:43,600 - assessment - INFO - ===== Calculating score for section: Applicability of the PDPPL =====
2025-07-16 17:39:43,601 - assessment - INFO - Question 1: Response = 'No, Work is in progress to implement this requirement.'
2025-07-16 17:39:43,601 - assessment - WARNING - No points assigned for response: 'No, Work is in progress to implement this requirement.'
2025-07-16 17:39:43,601 - assessment - INFO - Section Applicability of the PDPPL score: BEFORE=0.0%, AFTER=0.0% (Corrected)
2025-07-16 17:39:43,601 - assessment - INFO - Section Applicability of the PDPPL: total_points=0.0, max_points=1
2025-07-16 17:39:43,601 - assessment - INFO - ===== Calculating score for section: Principles of Data Privacy =====
2025-07-16 17:39:43,603 - assessment - INFO - Question 1: No response provided
2025-07-16 17:39:43,603 - assessment - INFO - Question 2: No response provided
2025-07-16 17:39:43,603 - assessment - WARNING - Empty responses for section Principles of Data Privacy, using raw score None
2025-07-16 17:39:43,603 - assessment - INFO - Section Principles of Data Privacy score: AFTER=0.0% (Raw score was None)
2025-07-16 17:39:43,603 - assessment - INFO - Section Principles of Data Privacy: No responses, score set to None
2025-07-16 17:39:43,603 - assessment - INFO - Section Principles of Data Privacy: total_points=0.0, max_points=2
2025-07-16 17:39:43,603 - assessment - INFO - ===== Calculating score for section: Permitted Reasons =====
2025-07-16 17:39:43,605 - assessment - INFO - Question 1: No response provided
2025-07-16 17:39:43,605 - assessment - INFO - Question 2: No response provided
2025-07-16 17:39:43,605 - assessment - INFO - Question 3: No response provided
2025-07-16 17:39:43,605 - assessment - WARNING - Empty responses for section Permitted Reasons, using raw score None
2025-07-16 17:39:43,605 - assessment - INFO - Section Permitted Reasons score: AFTER=0.0% (Raw score was None)
2025-07-16 17:39:43,606 - assessment - INFO - Section Permitted Reasons: No responses, score set to None
2025-07-16 17:39:43,611 - assessment - INFO - Section Permitted Reasons: total_points=0.0, max_points=3
2025-07-16 17:39:43,613 - assessment - INFO - ===== Calculating score for section: Special Nature Processing & Security =====
2025-07-16 17:39:43,613 - assessment - INFO - Question 1: No response provided
2025-07-16 17:39:43,615 - assessment - INFO - Question 2: No response provided
2025-07-16 17:39:43,617 - assessment - WARNING - Empty responses for section Special Nature Processing & Security, using raw score None
2025-07-16 17:39:43,617 - assessment - INFO - Section Special Nature Processing & Security score: AFTER=0.0% (Raw score was None)
2025-07-16 17:39:43,618 - assessment - INFO - Section Special Nature Processing & Security: No responses, score set to None
2025-07-16 17:39:43,619 - assessment - INFO - Section Special Nature Processing & Security: total_points=0.0, max_points=2
2025-07-16 17:39:43,621 - assessment - INFO - ===== Calculating score for section: Individuals' Rights & Complaints =====
2025-07-16 17:39:43,622 - assessment - INFO - Question 1: No response provided
2025-07-16 17:39:43,622 - assessment - INFO - Question 2: No response provided
2025-07-16 17:39:43,623 - assessment - WARNING - Empty responses for section Individuals' Rights & Complaints, using raw score None
2025-07-16 17:39:43,623 - assessment - INFO - Section Individuals' Rights & Complaints score: AFTER=0.0% (Raw score was None)
2025-07-16 17:39:43,623 - assessment - INFO - Section Individuals' Rights & Complaints: No responses, score set to None
2025-07-16 17:39:43,623 - assessment - INFO - Section Individuals' Rights & Complaints: total_points=0.0, max_points=2
2025-07-16 17:39:43,624 - assessment - INFO - ===== Calculating score for section: Governance & Training Awareness =====
2025-07-16 17:39:43,624 - assessment - INFO - Question 1: No response provided
2025-07-16 17:39:43,624 - assessment - INFO - Question 2: No response provided
2025-07-16 17:39:43,625 - assessment - INFO - Question 3: No response provided
2025-07-16 17:39:43,626 - assessment - WARNING - Empty responses for section Governance & Training Awareness, using raw score None
2025-07-16 17:39:43,626 - assessment - INFO - Section Governance & Training Awareness score: AFTER=0.0% (Raw score was None)
2025-07-16 17:39:43,626 - assessment - INFO - Section Governance & Training Awareness: No responses, score set to None
2025-07-16 17:39:43,626 - assessment - INFO - Section Governance & Training Awareness: total_points=0.0, max_points=3
2025-07-16 17:39:43,626 - assessment - INFO - ===== Calculating score for section: Data Privacy Impact Assessment (DPIA) & Privacy by Design =====
2025-07-16 17:39:43,628 - assessment - INFO - Question 1: No response provided
2025-07-16 17:39:43,629 - assessment - INFO - Question 2: No response provided
2025-07-16 17:39:43,630 - assessment - WARNING - Empty responses for section Data Privacy Impact Assessment (DPIA) & Privacy by Design, using raw score None
2025-07-16 17:39:43,636 - assessment - INFO - Section Data Privacy Impact Assessment (DPIA) & Privacy by Design score: AFTER=0.0% (Raw score was None)
2025-07-16 17:39:43,638 - assessment - INFO - Section Data Privacy Impact Assessment (DPIA) & Privacy by Design: No responses, score set to None
2025-07-16 17:39:43,638 - assessment - INFO - Section Data Privacy Impact Assessment (DPIA) & Privacy by Design: total_points=0.0, max_points=2
2025-07-16 17:39:43,638 - assessment - INFO - ===== Calculating score for section: Cross Border Data Flows & Third Party Agreements =====
2025-07-16 17:39:43,639 - assessment - INFO - Question 1: No response provided
2025-07-16 17:39:43,639 - assessment - INFO - Question 2: No response provided
2025-07-16 17:39:43,639 - assessment - WARNING - Empty responses for section Cross Border Data Flows & Third Party Agreements, using raw score None
2025-07-16 17:39:43,639 - assessment - INFO - Section Cross Border Data Flows & Third Party Agreements score: AFTER=0.0% (Raw score was None)
2025-07-16 17:39:43,639 - assessment - INFO - Section Cross Border Data Flows & Third Party Agreements: No responses, score set to None
2025-07-16 17:39:43,639 - assessment - INFO - Section Cross Border Data Flows & Third Party Agreements: total_points=0.0, max_points=2
2025-07-16 17:39:43,640 - assessment - INFO - ===== Calculating score for section: Data Breaches =====
2025-07-16 17:39:43,640 - assessment - INFO - Question 1: No response provided
2025-07-16 17:39:43,640 - assessment - WARNING - Empty responses for section Data Breaches, using raw score None
2025-07-16 17:39:43,640 - assessment - INFO - Section Data Breaches score: AFTER=0.0% (Raw score was None)
2025-07-16 17:39:43,640 - assessment - INFO - Section Data Breaches: No responses, score set to None
2025-07-16 17:39:43,640 - assessment - INFO - Section Data Breaches: total_points=0.0, max_points=1
2025-07-16 17:39:43,642 - assessment - INFO - ===== Calculating score for section: Children's Websites =====
2025-07-16 17:39:43,642 - assessment - INFO - Question 1: No response provided
2025-07-16 17:39:43,642 - assessment - WARNING - Empty responses for section Children's Websites, using raw score None
2025-07-16 17:39:43,643 - assessment - INFO - Section Children's Websites score: AFTER=0.0% (Raw score was None)
2025-07-16 17:39:43,645 - assessment - INFO - Section Children's Websites: No responses, score set to None
2025-07-16 17:39:43,650 - assessment - INFO - Section Children's Websites: total_points=0.0, max_points=1
2025-07-16 17:39:43,651 - assessment - INFO - Verifying all sections have scores...
2025-07-16 17:39:43,651 - assessment - INFO - Calculated section scores: {'Applicability of the PDPPL': 0.0, 'Principles of Data Privacy': None, 'Permitted Reasons': None, 'Special Nature Processing & Security': None, "Individuals' Rights & Complaints": None, 'Governance & Training Awareness': None, 'Data Privacy Impact Assessment (DPIA) & Privacy by Design': None, 'Cross Border Data Flows & Third Party Agreements': None, 'Data Breaches': None, "Children's Websites": None}
2025-07-16 17:39:43,651 - assessment - INFO - ===== Calculating weighted overall score =====
2025-07-16 17:39:43,651 - assessment - INFO - Section Applicability of the PDPPL: score=0.00, weight=0.06, contribution=0.00
2025-07-16 17:39:43,653 - assessment - INFO - Section Principles of Data Privacy: SKIPPED (no score)
2025-07-16 17:39:43,653 - assessment - INFO - Section Permitted Reasons: SKIPPED (no score)
2025-07-16 17:39:43,653 - assessment - INFO - Section Special Nature Processing & Security: SKIPPED (no score)
2025-07-16 17:39:43,653 - assessment - INFO - Section Individuals' Rights & Complaints: SKIPPED (no score)
2025-07-16 17:39:43,653 - assessment - INFO - Section Governance & Training Awareness: SKIPPED (no score)
2025-07-16 17:39:43,654 - assessment - INFO - Section Data Privacy Impact Assessment (DPIA) & Privacy by Design: SKIPPED (no score)
2025-07-16 17:39:43,654 - assessment - INFO - Section Cross Border Data Flows & Third Party Agreements: SKIPPED (no score)
2025-07-16 17:39:43,654 - assessment - INFO - Section Data Breaches: SKIPPED (no score)
2025-07-16 17:39:43,654 - assessment - INFO - Section Children's Websites: SKIPPED (no score)
2025-07-16 17:39:43,654 - assessment - INFO - Total weighted score: 0.0, Total weight: 0.06
2025-07-16 17:39:43,654 - assessment - INFO - Overall score calculation: (0.0 / total_weight) * 100 = 0.00%
2025-07-16 17:39:45,443 - __main__ - INFO - Application started - Logging initialized
2025-07-16 17:39:45,615 - __main__ - INFO - Application started - Logging initialized
2025-07-16 17:39:46,036 - __main__ - INFO - Application started - Logging initialized
2025-07-16 17:39:46,186 - __main__ - INFO - Application started - Logging initialized
2025-07-16 17:39:46,871 - __main__ - INFO - Application started - Logging initialized
2025-07-16 17:39:47,015 - __main__ - INFO - Application started - Logging initialized
2025-07-16 17:39:47,542 - __main__ - INFO - Application started - Logging initialized
2025-07-16 17:39:47,686 - __main__ - INFO - Application started - Logging initialized
2025-07-16 17:39:48,395 - __main__ - INFO - Application started - Logging initialized
2025-07-16 17:39:48,557 - __main__ - INFO - Application started - Logging initialized
2025-07-16 17:39:49,084 - __main__ - INFO - Application started - Logging initialized
2025-07-16 17:39:49,234 - __main__ - INFO - Application started - Logging initialized
2025-07-16 17:39:49,686 - __main__ - INFO - Application started - Logging initialized
2025-07-16 17:39:49,823 - __main__ - INFO - Application started - Logging initialized
2025-07-16 17:39:50,255 - __main__ - INFO - Application started - Logging initialized
2025-07-16 17:39:50,406 - __main__ - INFO - Application started - Logging initialized
2025-07-16 17:39:51,541 - __main__ - INFO - Application started - Logging initialized
2025-07-16 17:39:51,716 - __main__ - INFO - Application started - Logging initialized
2025-07-16 17:39:52,200 - __main__ - INFO - Application started - Logging initialized
2025-07-16 17:39:52,349 - __main__ - INFO - Application started - Logging initialized
2025-07-16 17:39:52,789 - __main__ - INFO - Application started - Logging initialized
2025-07-16 17:39:52,950 - __main__ - INFO - Application started - Logging initialized
2025-07-16 17:39:53,355 - __main__ - INFO - Application started - Logging initialized
2025-07-16 17:39:53,501 - __main__ - INFO - Application started - Logging initialized
2025-07-16 17:39:54,564 - __main__ - INFO - Application started - Logging initialized
2025-07-16 17:39:54,728 - __main__ - INFO - Application started - Logging initialized
2025-07-16 17:39:55,192 - __main__ - INFO - Application started - Logging initialized
2025-07-16 17:39:55,335 - __main__ - INFO - Application started - Logging initialized
2025-07-16 17:39:56,111 - __main__ - INFO - Application started - Logging initialized
2025-07-16 17:39:56,280 - __main__ - INFO - Application started - Logging initialized
2025-07-16 17:39:56,705 - __main__ - INFO - Application started - Logging initialized
2025-07-16 17:39:56,855 - __main__ - INFO - Application started - Logging initialized
2025-07-16 17:39:58,360 - __main__ - INFO - Application started - Logging initialized
2025-07-16 17:39:58,520 - __main__ - INFO - Application started - Logging initialized
2025-07-16 17:39:58,972 - __main__ - INFO - Application started - Logging initialized
2025-07-16 17:39:59,115 - __main__ - INFO - Application started - Logging initialized
2025-07-16 17:39:59,672 - __main__ - INFO - Application started - Logging initialized
2025-07-16 17:39:59,816 - __main__ - INFO - Application started - Logging initialized
2025-07-16 17:40:00,236 - __main__ - INFO - Application started - Logging initialized
2025-07-16 17:40:00,391 - __main__ - INFO - Application started - Logging initialized
2025-07-16 17:40:00,977 - __main__ - INFO - Application started - Logging initialized
2025-07-16 17:40:01,131 - __main__ - INFO - Application started - Logging initialized
2025-07-16 17:40:01,538 - __main__ - INFO - Application started - Logging initialized
2025-07-16 17:40:01,705 - __main__ - INFO - Application started - Logging initialized
2025-07-16 17:40:02,169 - __main__ - INFO - Application started - Logging initialized
2025-07-16 17:40:02,326 - __main__ - INFO - Application started - Logging initialized
2025-07-16 17:40:03,587 - __main__ - INFO - Application started - Logging initialized
2025-07-16 17:40:03,740 - __main__ - INFO - Application started - Logging initialized
2025-07-16 17:40:05,594 - __main__ - INFO - Application started - Logging initialized
2025-07-16 17:40:05,635 - assessment - INFO - [CALC] calculate_compliance_score CALLED with regulation_code='DPDP', industry_code='Banking and finance'
2025-07-16 17:40:05,635 - assessment - INFO - [CALC] Using passed parameters: regulation='DPDP', industry='Banking and finance'
2025-07-16 17:40:05,635 - assessment - INFO - [CALC] About to call get_questionnaire('DPDP', 'Banking and finance')
2025-07-16 17:40:05,636 - assessment - INFO - [CALC] Loaded questionnaire has 13 sections for DPDP/Banking and finance
2025-07-16 17:40:05,636 - assessment - INFO - [CALC] First 3 section names: ['Data Collection and Processing', 'Data Principal Rights', 'Data Security Measures']
2025-07-16 17:40:05,636 - assessment - INFO - [CALC] ALL SECTION NAMES: ['Data Collection and Processing', 'Data Principal Rights', 'Data Security Measures', 'Data Breach Notification', 'Data Retention and Erasure', 'Data Accuracy and Completeness', "Children's Data Protection", 'Third-Party Processing', 'Cross-Border Data Transfers', 'Significant Data Fiduciary Obligations', 'Grievance Redressal', 'Exemptions', 'Documentation and Compliance']
2025-07-16 17:40:05,637 - assessment - WARNING - [CALC] UNKNOWN: Questionnaire type unclear for DPDP
2025-07-16 17:40:05,637 - assessment - INFO - [CALC] Answer points dictionary has 175 entries
2025-07-16 17:40:05,638 - assessment - INFO - Answer points dictionary has 175 entries
2025-07-16 17:40:05,638 - assessment - INFO - Processing scores for 13 sections
2025-07-16 17:40:05,639 - assessment - INFO - Found responses for section indices: [0, 1, 2, 3, 4, 5, 6, 7, 8, 9, 10, 11, 12]
2025-07-16 17:40:05,639 - assessment - INFO - ===== Calculating score for section: Data Collection and Processing =====
2025-07-16 17:40:05,639 - assessment - INFO - Question 1: Response = 'No, Work is in progress to implement this requirement.'
2025-07-16 17:40:05,640 - assessment - INFO - Question 1: Points = 0.5
2025-07-16 17:40:05,640 - assessment - INFO - Question 1: Adding 0.5 points, running total = 0.5/1
2025-07-16 17:40:05,642 - assessment - INFO - Question 2: Response = 'Yes, with detailed itemization: The notice provides a clear, detailed list of all personal data collected and specifies the exact purposes for their use.'
2025-07-16 17:40:05,642 - assessment - INFO - Question 2: Points = 1.0
2025-07-16 17:40:05,642 - assessment - INFO - Question 2: Adding 1.0 points, running total = 1.5/2
2025-07-16 17:40:05,643 - assessment - INFO - Question 3: Response = 'Not applicable: This option might apply if consent is not required due to exemptions (e.g., legal obligations).'
2025-07-16 17:40:05,643 - assessment - INFO - Question 3: Points = None
2025-07-16 17:40:05,644 - assessment - INFO - Question 4: Response = 'Yes, with strict adherence to purpose limitation: The organization ensures that personal data is processed only for the specific purposes outlined in the notice, aligning with the principle of purpose limitation.'
2025-07-16 17:40:05,644 - assessment - INFO - Question 4: Points = 1.0
2025-07-16 17:40:05,644 - assessment - INFO - Question 4: Adding 1.0 points, running total = 2.5/4
2025-07-16 17:40:05,645 - assessment - INFO - Question 5: Response = 'Partially, but verification processes need improvement: While some verification processes exist, they may not fully align with DPDP Act standards or could be more robust.'
2025-07-16 17:40:05,645 - assessment - INFO - Question 5: Points = 0.5
2025-07-16 17:40:05,645 - assessment - INFO - Question 5: Adding 0.5 points, running total = 3.0/5
2025-07-16 17:40:05,645 - assessment - INFO - Section Data Collection and Processing score: BEFORE=60.0%, AFTER=60.0% (Corrected)
2025-07-16 17:40:05,647 - assessment - INFO - Section Data Collection and Processing: total_points=3.0, max_points=5
2025-07-16 17:40:05,647 - assessment - INFO - ===== Calculating score for section: Data Principal Rights =====
2025-07-16 17:40:05,649 - assessment - INFO - Question 1: Response = 'Not applicable: This option might apply if your organization does not handle personal data or if such rights are not relevant to your operations.'
2025-07-16 17:40:05,649 - assessment - INFO - Question 1: Points = None
2025-07-16 17:40:05,650 - assessment - INFO - Question 2: Response = 'No, we lack a dedicated feature for submitting requests: The organization does not have a specific feature or web form for customers to submit requests related to their data rights.'
2025-07-16 17:40:05,650 - assessment - INFO - Question 2: Points = 0.0
2025-07-16 17:40:05,651 - assessment - INFO - Question 2: Adding 0.0 points, running total = 0.0/2
2025-07-16 17:40:05,651 - assessment - INFO - Question 3: Response = 'Yes, with established processes and timelines: The organization has developed internal mechanisms to ensure timely responses to data principal requests, typically within the specified timeframe (e.g., 30 days).'
2025-07-16 17:40:05,651 - assessment - INFO - Question 3: Points = 1.0
2025-07-16 17:40:05,651 - assessment - INFO - Question 3: Adding 1.0 points, running total = 1.0/3
2025-07-16 17:40:05,651 - assessment - INFO - Question 4: Response = 'No, we do not publish response timelines: The organization does not provide any information about the timeframe for responding to grievances on its website or app.'
2025-07-16 17:40:05,652 - assessment - INFO - Question 4: Points = 0.0
2025-07-16 17:40:05,652 - assessment - INFO - Question 4: Adding 0.0 points, running total = 1.0/4
2025-07-16 17:40:05,652 - assessment - INFO - Question 5: Response = 'Yes, with clear nomination procedures: The organization provides a straightforward process for data principals to nominate representatives to exercise their rights, especially in cases of incapacity or death.'
2025-07-16 17:40:05,652 - assessment - INFO - Question 5: Points = 1.0
2025-07-16 17:40:05,652 - assessment - INFO - Question 5: Adding 1.0 points, running total = 2.0/5
2025-07-16 17:40:05,652 - assessment - INFO - Section Data Principal Rights score: BEFORE=40.0%, AFTER=40.0% (Corrected)
2025-07-16 17:40:05,654 - assessment - INFO - Section Data Principal Rights: total_points=2.0, max_points=5
2025-07-16 17:40:05,654 - assessment - INFO - ===== Calculating score for section: Data Security Measures =====
2025-07-16 17:40:05,654 - assessment - INFO - Question 1: Response = 'No, we lack robust data security measures: The organization does not have adequate data security measures in place, such as encryption, obfuscation, masking, or virtual tokens.'
2025-07-16 17:40:05,654 - assessment - INFO - Question 1: Points = 0.0
2025-07-16 17:40:05,654 - assessment - INFO - Question 1: Adding 0.0 points, running total = 0.0/1
2025-07-16 17:40:05,655 - assessment - INFO - Question 2: Response = 'Partially, but access controls need enhancement: While some access controls exist, they may not be comprehensive or could be improved to better secure computer resources.'
2025-07-16 17:40:05,655 - assessment - INFO - Question 2: Points = 0.5
2025-07-16 17:40:05,655 - assessment - INFO - Question 2: Adding 0.5 points, running total = 0.5/2
2025-07-16 17:40:05,656 - assessment - INFO - Question 3: Response = 'Partially, but logging and monitoring need improvement: While some logging and monitoring systems exist, they may not be comprehensive or could be enhanced for better detection and response.'
2025-07-16 17:40:05,656 - assessment - INFO - Question 3: Points = 0.5
2025-07-16 17:40:05,656 - assessment - INFO - Question 3: Adding 0.5 points, running total = 1.0/3
2025-07-16 17:40:05,657 - assessment - INFO - Question 4: Response = 'Not applicable: This option might apply if your organization does not handle personal data or if such measures are not relevant to your operations.'
2025-07-16 17:40:05,657 - assessment - INFO - Question 4: Points = None
2025-07-16 17:40:05,658 - assessment - INFO - Question 5: Response = 'Not applicable: This option might apply if your organization does not handle personal data or if such retention is not relevant to your operations.'
2025-07-16 17:40:05,658 - assessment - INFO - Question 5: Points = None
2025-07-16 17:40:05,660 - assessment - INFO - Section Data Security Measures score: BEFORE=20.0%, AFTER=20.0% (Corrected)
2025-07-16 17:40:05,660 - assessment - INFO - Section Data Security Measures: total_points=1.0, max_points=5
2025-07-16 17:40:05,661 - assessment - INFO - ===== Calculating score for section: Data Breach Notification =====
2025-07-16 17:40:05,661 - assessment - INFO - Question 1: Response = 'Yes, with immediate notification procedures: The organization has established procedures to notify affected data principals promptly and without delay in the event of a personal data breach, ensuring compliance with DPDP Act requirements.'
2025-07-16 17:40:05,662 - assessment - INFO - Question 1: Points = 1.0
2025-07-16 17:40:05,662 - assessment - INFO - Question 1: Adding 1.0 points, running total = 1.0/1
2025-07-16 17:40:05,662 - assessment - INFO - Question 2: Response = 'Partially, but some details are missing: While some information is provided, the notification lacks one or more of the required details, such as the description of the breach, consequences, mitigation measures, or safety advice.'
2025-07-16 17:40:05,663 - assessment - INFO - Question 2: Points = 0.5
2025-07-16 17:40:05,665 - assessment - INFO - Question 2: Adding 0.5 points, running total = 1.5/2
2025-07-16 17:40:05,665 - assessment - INFO - Question 3: Response = 'The Processes are in place, but they are not strictly time-bound: The organization has procedures for notifying the Data Protection Board, but they do not strictly adhere to the 72-hour deadline.'
2025-07-16 17:40:05,666 - assessment - INFO - Question 3: Points = 0
2025-07-16 17:40:05,666 - assessment - INFO - Question 3: Adding 0 points, running total = 1.5/3
2025-07-16 17:40:05,666 - assessment - INFO - Section Data Breach Notification score: BEFORE=50.0%, AFTER=50.0% (Corrected)
2025-07-16 17:40:05,667 - assessment - INFO - Section Data Breach Notification: total_points=1.5, max_points=3
2025-07-16 17:40:05,667 - assessment - INFO - ===== Calculating score for section: Data Retention and Erasure =====
2025-07-16 17:40:05,668 - assessment - INFO - Question 1: Response = 'Yes, with automated processes for data erasure: The organization has implemented automated processes to erase personal data promptly upon withdrawal of consent or request for erasure by the data principal, as required by the DPDP Act.'
2025-07-16 17:40:05,668 - assessment - INFO - Question 1: Points = 1.0
2025-07-16 17:40:05,669 - assessment - INFO - Question 1: Adding 1.0 points, running total = 1.0/1
2025-07-16 17:40:05,669 - assessment - INFO - Question 2: Response = 'No, we lack procedures for timely data erasure: The organization does not have specific procedures in place to erase personal data when it is no longer necessary or when the customer has not approached for data processing within the prescribed time period.'
2025-07-16 17:40:05,669 - assessment - INFO - Question 2: Points = 0.0
2025-07-16 17:40:05,669 - assessment - INFO - Question 2: Adding 0.0 points, running total = 1.0/2
2025-07-16 17:40:05,670 - assessment - INFO - Question 3: Response = 'Partially, but notice period may vary: While some form of notice is provided, it may not consistently meet the 48-hour requirement.'
2025-07-16 17:40:05,670 - assessment - INFO - Question 3: Points = 0.5
2025-07-16 17:40:05,671 - assessment - INFO - Question 3: Adding 0.5 points, running total = 1.5/3
2025-07-16 17:40:05,671 - assessment - INFO - Question 4: Response = 'Partially, but erasure standards need improvement: While some secure erasure methods are in place, they may not fully align with recognized standards or could be more efficient.'
2025-07-16 17:40:05,673 - assessment - INFO - Question 4: Points = 0.5
2025-07-16 17:40:05,675 - assessment - INFO - Question 4: Adding 0.5 points, running total = 2.0/4
2025-07-16 17:40:05,677 - assessment - INFO - Section Data Retention and Erasure score: BEFORE=50.0%, AFTER=50.0% (Corrected)
2025-07-16 17:40:05,678 - assessment - INFO - Section Data Retention and Erasure: total_points=2.0, max_points=4
2025-07-16 17:40:05,678 - assessment - INFO - ===== Calculating score for section: Data Accuracy and Completeness =====
2025-07-16 17:40:05,678 - assessment - INFO - Question 1: Response = 'Partially: We have some measures in place to ensure data quality, but our processes need improvement to fully guarantee completeness, accuracy, and consistency.'
2025-07-16 17:40:05,679 - assessment - INFO - Question 1: Points = 0.5
2025-07-16 17:40:05,679 - assessment - INFO - Question 1: Adding 0.5 points, running total = 0.5/1
2025-07-16 17:40:05,679 - assessment - INFO - Question 2: Response = 'Yes, with comprehensive audit logging: The organization has implemented robust audit logs that track all database modifications, including details such as the user, timestamp, type of operation (insert, update, delete), and affected records. These logs are designed to ensure traceability and compliance with security standards.'
2025-07-16 17:40:05,679 - assessment - INFO - Question 2: Points = 1.0
2025-07-16 17:40:05,679 - assessment - INFO - Question 2: Adding 1.0 points, running total = 1.5/2
2025-07-16 17:40:05,679 - assessment - INFO - Section 'Data Accuracy and Completeness' has all full compliance responses - should have perfect score
2025-07-16 17:40:05,681 - assessment - INFO - Correcting Data Accuracy and Completeness score from 0.75 to 1.0 based on full compliance pattern
2025-07-16 17:40:05,681 - assessment - INFO - Section Data Accuracy and Completeness score: BEFORE=75.0%, AFTER=100.0% (Corrected)
2025-07-16 17:40:05,681 - assessment - INFO - Section Data Accuracy and Completeness: total_points=1.5, max_points=2
2025-07-16 17:40:05,681 - assessment - INFO - ===== Calculating score for section: Children's Data Protection =====
2025-07-16 17:40:05,681 - assessment - INFO - Question 1: Response = 'Partially, but consent mechanisms need improvement: While some mechanisms exist, they may not fully ensure that parental consent is verifiable or that it meets all legal standards for processing children's data.'
2025-07-16 17:40:05,681 - assessment - INFO - Question 1: Points = 0.5
2025-07-16 17:40:05,682 - assessment - INFO - Question 1: Adding 0.5 points, running total = 0.5/1
2025-07-16 17:40:05,682 - assessment - INFO - Question 2: Response = 'Yes, with robust identity verification methods: The organization uses advanced technical measures such as biometric verification, document-based verification (e.g., government IDs), or digital tokens to verify the identity and age of parents, ensuring compliance with legal requirements.'
2025-07-16 17:40:05,682 - assessment - INFO - Question 2: Points = 1.0
2025-07-16 17:40:05,682 - assessment - INFO - Question 2: Adding 1.0 points, running total = 1.5/2
2025-07-16 17:40:05,682 - assessment - INFO - Question 3: Response = 'Not applicable: This option might apply if your organization does not handle children's data or if such exemptions are not relevant to your operations.'
2025-07-16 17:40:05,683 - assessment - INFO - Question 3: Points = None
2025-07-16 17:40:05,683 - assessment - INFO - Section Children's Data Protection score: BEFORE=50.0%, AFTER=50.0% (Corrected)
2025-07-16 17:40:05,683 - assessment - INFO - Section Children's Data Protection: total_points=1.5, max_points=3
2025-07-16 17:40:05,683 - assessment - INFO - ===== Calculating score for section: Third-Party Processing =====
2025-07-16 17:40:05,685 - assessment - INFO - Question 1: Response = 'No, we lack valid contracts: The organization does not have contracts in place with third-party processors that require compliance with data protection obligations.'
2025-07-16 17:40:05,685 - assessment - INFO - Question 1: Points = 0.0
2025-07-16 17:40:05,685 - assessment - INFO - Question 1: Adding 0.0 points, running total = 0.0/1
2025-07-16 17:40:05,685 - assessment - INFO - Question 2: Response = 'Not applicable: This option might apply if your organization does not engage data processors or if such provisions are not relevant to your operations.'
2025-07-16 17:40:05,685 - assessment - INFO - Question 2: Points = None
2025-07-16 17:40:05,686 - assessment - INFO - Section Third-Party Processing score: BEFORE=0.0%, AFTER=0.0% (Corrected)
2025-07-16 17:40:05,686 - assessment - INFO - Section Third-Party Processing: total_points=0.0, max_points=2
2025-07-16 17:40:05,686 - assessment - INFO - ===== Calculating score for section: Cross-Border Data Transfers =====
2025-07-16 17:40:05,686 - assessment - INFO - Question 1: Response = 'Yes, with full compliance: The organization fully complies with data localization norms set by regulators such as the RBI and IRDAI, ensuring that all relevant data (e.g., payment system data, insurance records) is stored within India as required.'
2025-07-16 17:40:05,686 - assessment - INFO - Question 1: Points = 1.0
2025-07-16 17:40:05,687 - assessment - INFO - Question 1: Adding 1.0 points, running total = 1.0/1
2025-07-16 17:40:05,687 - assessment - INFO - Question 2: Response = 'Not applicable: This option might apply if your organization is not classified as a significant data fiduciary or if such data localization requirements do not apply to your operations.'
2025-07-16 17:40:05,688 - assessment - INFO - Question 2: Points = None
2025-07-16 17:40:05,688 - assessment - INFO - Question 3: Response = 'Yes, with full compliance: The organization fully complies with the Central Government's requirements for making personal data available to foreign entities, adhering to any restrictions or conditions set forth by the government regarding cross-border data transfers.'
2025-07-16 17:40:05,690 - assessment - INFO - Question 3: Points = 1.0
2025-07-16 17:40:05,690 - assessment - INFO - Question 3: Adding 1.0 points, running total = 2.0/3
2025-07-16 17:40:05,690 - assessment - INFO - Section Cross-Border Data Transfers score: BEFORE=66.7%, AFTER=66.7% (Corrected)
2025-07-16 17:40:05,690 - assessment - INFO - Section Cross-Border Data Transfers: total_points=2.0, max_points=3
2025-07-16 17:40:05,690 - assessment - INFO - ===== Calculating score for section: Significant Data Fiduciary Obligations =====
2025-07-16 17:40:05,691 - assessment - INFO - Question 1: Response = 'Yes, with regular DPIAs and audits: The organization conducts Data Protection Impact Assessments (DPIAs) and audits annually, as required for Significant Data Fiduciaries, to evaluate data processing risks and ensure compliance with the DPDP Act.'
2025-07-16 17:40:05,691 - assessment - INFO - Question 1: Points = 1.0
2025-07-16 17:40:05,691 - assessment - INFO - Question 1: Adding 1.0 points, running total = 1.0/1
2025-07-16 17:40:05,691 - assessment - INFO - Question 2: Response = 'Not applicable: This option might apply if your organization is not classified as a Significant Data Fiduciary or if such reporting requirements do not apply to your operations.'
2025-07-16 17:40:05,692 - assessment - INFO - Question 2: Points = None
2025-07-16 17:40:05,692 - assessment - INFO - Question 3: Response = 'No, we lack due diligence processes: The organization does not have specific due diligence processes in place to verify the safety of algorithmic software used for personal data processing, which could lead to compliance issues.'
2025-07-16 17:40:05,693 - assessment - INFO - Question 3: Points = 0.0
2025-07-16 17:40:05,693 - assessment - INFO - Question 3: Adding 0.0 points, running total = 1.0/3
2025-07-16 17:40:05,693 - assessment - INFO - Section Significant Data Fiduciary Obligations score: BEFORE=33.3%, AFTER=33.3% (Corrected)
2025-07-16 17:40:05,696 - assessment - INFO - Section Significant Data Fiduciary Obligations: total_points=1.0, max_points=3
2025-07-16 17:40:05,696 - assessment - INFO - ===== Calculating score for section: Grievance Redressal =====
2025-07-16 17:40:05,698 - assessment - INFO - Question 1: Response = 'Partially, but the mechanism needs improvement: While some grievance redressal processes exist, they may not fully meet the requirements of being readily available or effective in resolving data principals' complaints, requiring further enhancements.'
2025-07-16 17:40:05,701 - assessment - INFO - Question 1: Points = 0.5
2025-07-16 17:40:05,702 - assessment - INFO - Question 1: Adding 0.5 points, running total = 0.5/1
2025-07-16 17:40:05,715 - assessment - INFO - Question 2: Response = 'Partially, but publication needs improvement: While some information about grievance response timelines is available, it may not be clearly published or easily accessible on the website or app, requiring further enhancements.'
2025-07-16 17:40:05,715 - assessment - INFO - Question 2: Points = 0.5
2025-07-16 17:40:05,716 - assessment - INFO - Question 2: Adding 0.5 points, running total = 1.0/2
2025-07-16 17:40:05,718 - assessment - INFO - Question 3: Response = 'Not applicable: This option might apply if your organization does not handle personal data or if such grievance redressal requirements do not apply to your operations.'
2025-07-16 17:40:05,718 - assessment - INFO - Question 3: Points = None
2025-07-16 17:40:05,719 - assessment - INFO - Section Grievance Redressal score: BEFORE=33.3%, AFTER=33.3% (Corrected)
2025-07-16 17:40:05,719 - assessment - INFO - Section Grievance Redressal: total_points=1.0, max_points=3
2025-07-16 17:40:05,719 - assessment - INFO - ===== Calculating score for section: Exemptions =====
2025-07-16 17:40:05,721 - assessment - INFO - Question 1: Response = 'No, we are not aware of these exemptions: The organization is not aware of the exemptions related to processing personal data for preventing offenses, checking loan defaulters' financial information, or enforcing legal rights, which could lead to non-compliance.'
2025-07-16 17:40:05,722 - assessment - INFO - Question 1: Points = 0.0
2025-07-16 17:40:05,723 - assessment - INFO - Question 1: Adding 0.0 points, running total = 0.0/1
2025-07-16 17:40:05,725 - assessment - INFO - Question 2: Response = 'No, we have not received exemptions: The organization has not been granted any exemptions by the government related to the volume and nature of personal data processed.'
2025-07-16 17:40:05,728 - assessment - INFO - Question 2: Points = 0.0
2025-07-16 17:40:05,732 - assessment - INFO - Question 2: Adding 0.0 points, running total = 0.0/2
2025-07-16 17:40:05,734 - assessment - INFO - Section Exemptions score: BEFORE=0.0%, AFTER=0.0% (Corrected)
2025-07-16 17:40:05,735 - assessment - INFO - Section Exemptions: total_points=0.0, max_points=2
2025-07-16 17:40:05,736 - assessment - INFO - ===== Calculating score for section: Documentation and Compliance =====
2025-07-16 17:40:05,742 - assessment - INFO - Question 1: Response = 'No, we lack comprehensive documentation: The organization does not have adequate documentation of its personal data protection processes, which could lead to compliance issues and difficulties in demonstrating accountability.'
2025-07-16 17:40:05,745 - assessment - INFO - Question 1: Points = 0.0
2025-07-16 17:40:05,747 - assessment - INFO - Question 1: Adding 0.0 points, running total = 0.0/1
2025-07-16 17:40:05,748 - assessment - INFO - Question 2: Response = 'Not applicable: This option might apply if your organization does not handle personal data or if such reviews and updates are not relevant to your operations.'
2025-07-16 17:40:05,749 - assessment - INFO - Question 2: Points = None
2025-07-16 17:40:05,750 - assessment - INFO - Question 3: Response = 'Not applicable: This option might apply if your organization does not handle personal data or if such appointments are not relevant to your operations.'
2025-07-16 17:40:05,751 - assessment - INFO - Question 3: Points = None
2025-07-16 17:40:05,751 - assessment - INFO - Question 4: Response = 'No, we have not trained our staff: The organization does not provide training on DPDP compliance requirements, which could lead to non-compliance and increased risk of data breaches due to lack of awareness.'
2025-07-16 17:40:05,751 - assessment - INFO - Question 4: Points = 0.0
2025-07-16 17:40:05,751 - assessment - INFO - Question 4: Adding 0.0 points, running total = 0.0/4
2025-07-16 17:40:05,753 - assessment - INFO - Question 5: Response = 'Yes, with a structured process: The organization has a well-defined process to monitor and stay updated on changes to data protection regulations. This includes engaging legal counsel, participating in industry groups, subscribing to regulatory updates, and regularly reviewing global and local data protection laws.'
2025-07-16 17:40:05,753 - assessment - INFO - Question 5: Points = 1.0
2025-07-16 17:40:05,753 - assessment - INFO - Question 5: Adding 1.0 points, running total = 1.0/5
2025-07-16 17:40:05,754 - assessment - INFO - Section Documentation and Compliance score: BEFORE=20.0%, AFTER=20.0% (Corrected)
2025-07-16 17:40:05,754 - assessment - INFO - Section Documentation and Compliance: total_points=1.0, max_points=5
2025-07-16 17:40:05,755 - assessment - INFO - Verifying all sections have scores...
2025-07-16 17:40:05,755 - assessment - INFO - Calculated section scores: {'Data Collection and Processing': 0.6, 'Data Principal Rights': 0.4, 'Data Security Measures': 0.2, 'Data Breach Notification': 0.5, 'Data Retention and Erasure': 0.5, 'Data Accuracy and Completeness': 1.0, "Children's Data Protection": 0.5, 'Third-Party Processing': 0.0, 'Cross-Border Data Transfers': 0.6666666666666666, 'Significant Data Fiduciary Obligations': 0.3333333333333333, 'Grievance Redressal': 0.3333333333333333, 'Exemptions': 0.0, 'Documentation and Compliance': 0.2}
2025-07-16 17:40:05,756 - assessment - INFO - ===== Calculating weighted overall score =====
2025-07-16 17:40:05,756 - assessment - INFO - Section Data Collection and Processing: score=0.60, weight=0.11, contribution=0.07
2025-07-16 17:40:05,756 - assessment - INFO - Section Data Principal Rights: score=0.40, weight=0.11, contribution=0.04
2025-07-16 17:40:05,756 - assessment - INFO - Section Data Security Measures: score=0.20, weight=0.13, contribution=0.03
2025-07-16 17:40:05,757 - assessment - INFO - Section Data Breach Notification: score=0.50, weight=0.10, contribution=0.05
2025-07-16 17:40:05,757 - assessment - INFO - Section Data Retention and Erasure: score=0.50, weight=0.05, contribution=0.03
2025-07-16 17:40:05,757 - assessment - INFO - Section Data Accuracy and Completeness: score=1.00, weight=0.08, contribution=0.08
2025-07-16 17:40:05,757 - assessment - INFO - Section Children's Data Protection: score=0.50, weight=0.03, contribution=0.01
2025-07-16 17:40:05,758 - assessment - INFO - Section Third-Party Processing: score=0.00, weight=0.08, contribution=0.00
2025-07-16 17:40:05,758 - assessment - INFO - Section Cross-Border Data Transfers: score=0.67, weight=0.06, contribution=0.04
2025-07-16 17:40:05,758 - assessment - INFO - Section Significant Data Fiduciary Obligations: score=0.33, weight=0.10, contribution=0.03
2025-07-16 17:40:05,758 - assessment - INFO - Section Grievance Redressal: score=0.33, weight=0.05, contribution=0.02
2025-07-16 17:40:05,758 - assessment - INFO - Section Exemptions: score=0.00, weight=0.03, contribution=0.00
2025-07-16 17:40:05,760 - assessment - INFO - Section Documentation and Compliance: score=0.20, weight=0.06, contribution=0.01
2025-07-16 17:40:05,760 - assessment - INFO - Total weighted score: 0.408, Total weight: 0.99
2025-07-16 17:40:05,760 - assessment - INFO - Overall score calculation: (0.408 / total_weight) * 100 = 41.21%
2025-07-16 17:40:05,764 - assessment - INFO - Added recommendation from partial match: Strengthen internal processes to ensure breach notifications strictly adhere to the 72-hour reporting requirement.
2025-07-16 17:40:05,892 - __main__ - INFO - Application started - Logging initialized
2025-07-16 17:40:06,030 - views - INFO - Requesting AI report generation with the following configuration:
2025-07-16 17:40:06,031 - views - INFO - AI enabled: True
2025-07-16 17:40:06,031 - views - INFO - API key available: Yes
2025-07-16 17:40:06,031 - views - INFO - API provider: openrouter
2025-07-16 17:40:06,032 - nlg_report - INFO - AI API is fully configured and enabled
2025-07-16 17:40:06,055 - nlg_report - INFO - Configuring OpenRouter API client
2025-07-16 17:40:06,474 - nlg_report - INFO - OpenRouter client configured with model: deepseek/deepseek-chat-v3-0324:free
2025-07-16 17:40:06,475 - nlg_report - INFO - Creating AI prompt for markdown format from context data
2025-07-16 17:40:06,475 - nlg_report - INFO - Created prompt with length: 9648 characters
2025-07-16 17:40:06,475 - nlg_report - INFO - Making API request attempt 1/3
2025-07-16 17:40:06,475 - nlg_report - INFO - Sending request to OpenRouter API
2025-07-16 17:40:09,695 - httpx - INFO - HTTP Request: POST https://openrouter.ai/api/v1/chat/completions "HTTP/1.1 200 OK"
2025-07-16 17:40:36,937 - nlg_report - INFO - Received full API response
2025-07-16 17:40:36,938 - nlg_report - INFO - API call completed successfully in 30.46 seconds
2025-07-16 17:40:36,938 - nlg_report - INFO - Received valid response with content length: 4561 characters
2025-07-16 17:40:39,068 - views - INFO - Report generation completed in 33.04 seconds
2025-07-16 17:40:39,070 - views - INFO - Report length: 4561 characters
2025-07-16 17:40:39,076 - views - INFO - Looking for logo at: C:\Users\HP\OneDrive - DataInfa Solution Private Limited\Projects\DPDP-main\DPDP-main\Assets\@DataINFA.png
2025-07-16 17:40:39,079 - views - INFO - Looking for logo at: C:\Users\HP\OneDrive - DataInfa Solution Private Limited\Projects\DPDP-main\DPDP-main\Assets\@DataINFA.png
2025-07-16 17:40:39,112 - views - INFO - Temporary PDF output path: C:\Users\HP\AppData\Local\Temp\tmprxhd3cbh.pdf
2025-07-16 17:40:39,113 - views - INFO - Attempting conversion and save to: C:\Users\HP\AppData\Local\Temp\tmprxhd3cbh.pdf
2025-07-16 17:40:39,120 - views - INFO - markdown-pdf save operation completed for C:\Users\HP\AppData\Local\Temp\tmprxhd3cbh.pdf
2025-07-16 17:40:39,120 - views - INFO - Output PDF file exists: C:\Users\HP\AppData\Local\Temp\tmprxhd3cbh.pdf
2025-07-16 17:40:39,149 - views - INFO - Successfully read 149916 bytes from C:\Users\HP\AppData\Local\Temp\tmprxhd3cbh.pdf
2025-07-16 17:40:39,150 - views - INFO - Cleaned up temporary PDF file: C:\Users\HP\AppData\Local\Temp\tmprxhd3cbh.pdf
2025-07-16 17:40:39,179 - views - INFO - [render_assessment] Mapped regulation_for_loader: DPDP
2025-07-16 17:44:03,908 - config - INFO - Base directory: C:\Users\HP\OneDrive - DataInfa Solution Private Limited\Projects\DPDP-main\DPDP-main
2025-07-16 17:44:03,908 - config - INFO - Loaded 3 API key(s).
2025-07-16 17:44:03,910 - __main__ - INFO - Application started - Logging initialized
2025-07-16 17:44:04,045 - assessment - INFO - [CACHE] CLEARING ALL QUESTIONNAIRE CACHES due to clear_questionnaire_cache flag
2025-07-16 17:44:04,045 - assessment - INFO - [CACHE] Manual cache also cleared
2025-07-16 17:44:04,045 - assessment - INFO - [CACHE] Cache clearing completed for regulation: DPDP, industry: Banking and finance
2025-07-16 17:44:04,046 - assessment - INFO - Loading questionnaire for regulation: DPDP, industry: Banking and finance
2025-07-16 17:44:04,046 - assessment - INFO - Loading questionnaire from: C:\Users\HP\OneDrive - DataInfa Solution Private Limited\Projects\DPDP-main\DPDP-main\Questionnaire\DPDP\banking and finance.json
2025-07-16 17:44:04,048 - assessment - INFO - [CACHE] File exists: C:\Users\HP\OneDrive - DataInfa Solution Private Limited\Projects\DPDP-main\DPDP-main\Questionnaire\DPDP\banking and finance.json
2025-07-16 17:44:04,048 - assessment - INFO - [CACHE] File preview: {
  "sections": [
    {
      "name": "Data Collection and Processing",
      "weight": 0.11,
      ...
2025-07-16 17:44:04,049 - assessment - INFO - [CACHE] Loaded questionnaire first section: 'Data Collection and Processing'
2025-07-16 17:44:04,225 - views - INFO - [render_assessment] Mapped regulation_for_loader: DPDP
2025-07-16 17:47:54,496 - __main__ - INFO - Application started - Logging initialized
2025-07-16 17:47:57,048 - __main__ - INFO - Application started - Logging initialized
2025-07-16 17:47:57,179 - __main__ - INFO - Application started - Logging initialized
2025-07-16 17:47:57,208 - helpers - INFO - Admin token validated
2025-07-16 17:47:57,310 - __main__ - INFO - Application started - Logging initialized
2025-07-16 17:48:02,283 - __main__ - INFO - Application started - Logging initialized
2025-07-16 17:48:02,309 - data_storage - INFO - Assessment data received - is_start: None, is_complete: None
2025-07-16 17:48:02,314 - data_storage - INFO - Saved assessment data for Aa to C:\Users\HP\OneDrive - DataInfa Solution Private Limited\Projects\DPDP-main\DPDP-main\data\organizations\Aa\assessment_20250716_174802.json
2025-07-16 17:48:03,694 - __main__ - INFO - Application started - Logging initialized
2025-07-16 17:48:04,377 - __main__ - INFO - Application started - Logging initialized
2025-07-16 17:48:04,404 - views - INFO - Starting assessment for Aa
2025-07-16 17:48:04,404 - data_storage - INFO - Assessment data received - is_start: True, is_complete: None
2025-07-16 17:48:04,404 - data_storage - INFO - Triggering start notification email for Aa
2025-07-16 17:48:04,405 - data_storage - INFO - Attempting to connect to SMTP server...
2025-07-16 17:48:07,309 - data_storage - INFO - Assessment notification email sent for Aa
2025-07-16 17:48:07,316 - data_storage - INFO - Saved assessment data for Aa to C:\Users\HP\OneDrive - DataInfa Solution Private Limited\Projects\DPDP-main\DPDP-main\data\organizations\Aa\assessment_20250716_174807.json
2025-07-16 17:48:07,317 - helpers - INFO - Navigating to page: assessment from welcome
2025-07-16 17:48:07,429 - __main__ - INFO - Application started - Logging initialized
2025-07-16 17:48:07,458 - assessment - INFO - Loading questionnaire for regulation: PDPPL, industry: General
2025-07-16 17:48:07,460 - assessment - INFO - Looking for questionnaire for general in C:\Users\HP\OneDrive - DataInfa Solution Private Limited\Projects\DPDP-main\DPDP-main\Questionnaire\PDPPL
2025-07-16 17:48:07,461 - assessment - WARNING - No PDPPL questionnaire found for general in C:\Users\HP\OneDrive - DataInfa Solution Private Limited\Projects\DPDP-main\DPDP-main\Questionnaire\PDPPL, using default
2025-07-16 17:48:07,461 - assessment - INFO - Loading questionnaire from: C:\Users\HP\OneDrive - DataInfa Solution Private Limited\Projects\DPDP-main\DPDP-main\Questionnaire\PDPPL\Oil_and_Gas.json
2025-07-16 17:48:07,461 - assessment - INFO - [CACHE] File exists: C:\Users\HP\OneDrive - DataInfa Solution Private Limited\Projects\DPDP-main\DPDP-main\Questionnaire\PDPPL\Oil_and_Gas.json
2025-07-16 17:48:07,462 - assessment - INFO - [CACHE] File preview: {
  "sections": [
    {
      "name": "Applicability of the PDPPL",
      "weight": 0.06,
      "que...
2025-07-16 17:48:07,463 - assessment - INFO - [CACHE] Loaded questionnaire first section: 'Applicability of the PDPPL'
2025-07-16 17:48:07,463 - views - INFO - [render_assessment] Session selected_country: India
2025-07-16 17:48:07,464 - views - INFO - [render_assessment] Session selected_industry: Banking and finance
2025-07-16 17:48:07,464 - views - INFO - [render_assessment] Mapped industry_for_loader: Banking and finance
2025-07-16 17:48:07,464 - views - INFO - [render_assessment] Using regulation: DPDP for country: India
2025-07-16 17:48:07,465 - views - INFO - [render_assessment] Loaded questionnaire for regulation: DPDP, industry: Banking and finance
2025-07-16 17:48:15,616 - __main__ - INFO - Application started - Logging initialized
2025-07-16 17:48:15,757 - __main__ - INFO - Application started - Logging initialized
2025-07-16 17:48:15,783 - assessment - INFO - [CALC] calculate_compliance_score CALLED with regulation_code='PDPPL', industry_code='General'
2025-07-16 17:48:15,783 - assessment - INFO - [CALC] Using passed parameters: regulation='PDPPL', industry='General'
2025-07-16 17:48:15,784 - assessment - INFO - [CALC] About to call get_questionnaire('PDPPL', 'General')
2025-07-16 17:48:15,784 - assessment - INFO - [CALC] Loaded questionnaire has 10 sections for PDPPL/General
2025-07-16 17:48:15,784 - assessment - INFO - [CALC] First 3 section names: ['Applicability of the PDPPL', 'Principles of Data Privacy', 'Permitted Reasons']
2025-07-16 17:48:15,784 - assessment - INFO - [CALC] ALL SECTION NAMES: ['Applicability of the PDPPL', 'Principles of Data Privacy', 'Permitted Reasons', 'Special Nature Processing & Security', "Individuals' Rights & Complaints", 'Governance & Training Awareness', 'Data Privacy Impact Assessment (DPIA) & Privacy by Design', 'Cross Border Data Flows & Third Party Agreements', 'Data Breaches', "Children's Websites"]
2025-07-16 17:48:15,785 - assessment - ERROR - [CALC] CRITICAL ERROR: Loading PDPPL questionnaire when expecting PDPPL!
2025-07-16 17:48:15,785 - assessment - INFO - [CALC] Answer points dictionary has 10 entries
2025-07-16 17:48:15,785 - assessment - INFO - Answer points dictionary has 10 entries
2025-07-16 17:48:15,786 - assessment - WARNING - Response 'Yes, Notices are provided in English and all 22 official Indian languages listed in the Eighth Schedule of the Constitution.' not found in answer_points
2025-07-16 17:48:15,786 - assessment - WARNING - Response 'Yes, with detailed itemization: The notice provides a clear, detailed list of all personal data collected and specifies the exact purposes for their use.' not found in answer_points
2025-07-16 17:48:15,786 - assessment - WARNING - Response 'No, we rely on implicit consent or lack clear affirmative action: Consent is assumed without explicit action or is not clearly tied to specific purposes.' not found in answer_points
2025-07-16 17:48:15,786 - assessment - WARNING - Response 'Partially, but some processing may exceed specified purposes: While efforts are made to limit processing to specified purposes, there may be instances where data is used beyond those purposes.' not found in answer_points
2025-07-16 17:48:15,788 - assessment - WARNING - Response 'No, we lack procedures for verifying voluntary data provision: The organization does not have specific procedures in place to verify voluntary data provision under consent exemptions.' not found in answer_points
2025-07-16 17:48:15,788 - assessment - INFO - Processing scores for 10 sections
2025-07-16 17:48:15,788 - assessment - INFO - Found responses for section indices: [0]
2025-07-16 17:48:15,789 - assessment - INFO - ===== Calculating score for section: Applicability of the PDPPL =====
2025-07-16 17:48:15,789 - assessment - INFO - Question 1: Response = 'Yes, Notices are provided in English and all 22 official Indian languages listed in the Eighth Schedule of the Constitution.'
2025-07-16 17:48:15,789 - assessment - WARNING - No points assigned for response: 'Yes, Notices are provided in English and all 22 official Indian languages listed in the Eighth Schedule of the Constitution.'
2025-07-16 17:48:15,789 - assessment - INFO - Section 'Applicability of the PDPPL' has all full compliance responses - should have perfect score
2025-07-16 17:48:15,789 - assessment - INFO - Correcting Applicability of the PDPPL score from 0.0 to 1.0 based on full compliance pattern
2025-07-16 17:48:15,789 - assessment - INFO - Section Applicability of the PDPPL score: BEFORE=0.0%, AFTER=100.0% (Corrected)
2025-07-16 17:48:15,789 - assessment - INFO - Section Applicability of the PDPPL: total_points=0.0, max_points=1
2025-07-16 17:48:15,791 - assessment - INFO - ===== Calculating score for section: Principles of Data Privacy =====
2025-07-16 17:48:15,791 - assessment - INFO - Question 1: No response provided
2025-07-16 17:48:15,791 - assessment - INFO - Question 2: No response provided
2025-07-16 17:48:15,791 - assessment - WARNING - Empty responses for section Principles of Data Privacy, using raw score None
2025-07-16 17:48:15,792 - assessment - INFO - Section Principles of Data Privacy score: AFTER=0.0% (Raw score was None)
2025-07-16 17:48:15,792 - assessment - INFO - Section Principles of Data Privacy: No responses, score set to None
2025-07-16 17:48:15,792 - assessment - INFO - Section Principles of Data Privacy: total_points=0.0, max_points=2
2025-07-16 17:48:15,792 - assessment - INFO - ===== Calculating score for section: Permitted Reasons =====
2025-07-16 17:48:15,792 - assessment - INFO - Question 1: No response provided
2025-07-16 17:48:15,793 - assessment - INFO - Question 2: No response provided
2025-07-16 17:48:15,793 - assessment - INFO - Question 3: No response provided
2025-07-16 17:48:15,793 - assessment - WARNING - Empty responses for section Permitted Reasons, using raw score None
2025-07-16 17:48:15,793 - assessment - INFO - Section Permitted Reasons score: AFTER=0.0% (Raw score was None)
2025-07-16 17:48:15,795 - assessment - INFO - Section Permitted Reasons: No responses, score set to None
2025-07-16 17:48:15,795 - assessment - INFO - Section Permitted Reasons: total_points=0.0, max_points=3
2025-07-16 17:48:15,795 - assessment - INFO - ===== Calculating score for section: Special Nature Processing & Security =====
2025-07-16 17:48:15,795 - assessment - INFO - Question 1: No response provided
2025-07-16 17:48:15,796 - assessment - INFO - Question 2: No response provided
2025-07-16 17:48:15,796 - assessment - WARNING - Empty responses for section Special Nature Processing & Security, using raw score None
2025-07-16 17:48:15,796 - assessment - INFO - Section Special Nature Processing & Security score: AFTER=0.0% (Raw score was None)
2025-07-16 17:48:15,796 - assessment - INFO - Section Special Nature Processing & Security: No responses, score set to None
2025-07-16 17:48:15,796 - assessment - INFO - Section Special Nature Processing & Security: total_points=0.0, max_points=2
2025-07-16 17:48:15,796 - assessment - INFO - ===== Calculating score for section: Individuals' Rights & Complaints =====
2025-07-16 17:48:15,798 - assessment - INFO - Question 1: No response provided
2025-07-16 17:48:15,798 - assessment - INFO - Question 2: No response provided
2025-07-16 17:48:15,798 - assessment - WARNING - Empty responses for section Individuals' Rights & Complaints, using raw score None
2025-07-16 17:48:15,798 - assessment - INFO - Section Individuals' Rights & Complaints score: AFTER=0.0% (Raw score was None)
2025-07-16 17:48:15,798 - assessment - INFO - Section Individuals' Rights & Complaints: No responses, score set to None
2025-07-16 17:48:15,799 - assessment - INFO - Section Individuals' Rights & Complaints: total_points=0.0, max_points=2
2025-07-16 17:48:15,799 - assessment - INFO - ===== Calculating score for section: Governance & Training Awareness =====
2025-07-16 17:48:15,799 - assessment - INFO - Question 1: No response provided
2025-07-16 17:48:15,799 - assessment - INFO - Question 2: No response provided
2025-07-16 17:48:15,799 - assessment - INFO - Question 3: No response provided
2025-07-16 17:48:15,799 - assessment - WARNING - Empty responses for section Governance & Training Awareness, using raw score None
2025-07-16 17:48:15,799 - assessment - INFO - Section Governance & Training Awareness score: AFTER=0.0% (Raw score was None)
2025-07-16 17:48:15,799 - assessment - INFO - Section Governance & Training Awareness: No responses, score set to None
2025-07-16 17:48:15,800 - assessment - INFO - Section Governance & Training Awareness: total_points=0.0, max_points=3
2025-07-16 17:48:15,800 - assessment - INFO - ===== Calculating score for section: Data Privacy Impact Assessment (DPIA) & Privacy by Design =====
2025-07-16 17:48:15,800 - assessment - INFO - Question 1: No response provided
2025-07-16 17:48:15,800 - assessment - INFO - Question 2: No response provided
2025-07-16 17:48:15,800 - assessment - WARNING - Empty responses for section Data Privacy Impact Assessment (DPIA) & Privacy by Design, using raw score None
2025-07-16 17:48:15,800 - assessment - INFO - Section Data Privacy Impact Assessment (DPIA) & Privacy by Design score: AFTER=0.0% (Raw score was None)
2025-07-16 17:48:15,801 - assessment - INFO - Section Data Privacy Impact Assessment (DPIA) & Privacy by Design: No responses, score set to None
2025-07-16 17:48:15,801 - assessment - INFO - Section Data Privacy Impact Assessment (DPIA) & Privacy by Design: total_points=0.0, max_points=2
2025-07-16 17:48:15,801 - assessment - INFO - ===== Calculating score for section: Cross Border Data Flows & Third Party Agreements =====
2025-07-16 17:48:15,801 - assessment - INFO - Question 1: No response provided
2025-07-16 17:48:15,801 - assessment - INFO - Question 2: No response provided
2025-07-16 17:48:15,801 - assessment - WARNING - Empty responses for section Cross Border Data Flows & Third Party Agreements, using raw score None
2025-07-16 17:48:15,801 - assessment - INFO - Section Cross Border Data Flows & Third Party Agreements score: AFTER=0.0% (Raw score was None)
2025-07-16 17:48:15,801 - assessment - INFO - Section Cross Border Data Flows & Third Party Agreements: No responses, score set to None
2025-07-16 17:48:15,803 - assessment - INFO - Section Cross Border Data Flows & Third Party Agreements: total_points=0.0, max_points=2
2025-07-16 17:48:15,803 - assessment - INFO - ===== Calculating score for section: Data Breaches =====
2025-07-16 17:48:15,803 - assessment - INFO - Question 1: No response provided
2025-07-16 17:48:15,803 - assessment - WARNING - Empty responses for section Data Breaches, using raw score None
2025-07-16 17:48:15,804 - assessment - INFO - Section Data Breaches score: AFTER=0.0% (Raw score was None)
2025-07-16 17:48:15,804 - assessment - INFO - Section Data Breaches: No responses, score set to None
2025-07-16 17:48:15,804 - assessment - INFO - Section Data Breaches: total_points=0.0, max_points=1
2025-07-16 17:48:15,804 - assessment - INFO - ===== Calculating score for section: Children's Websites =====
2025-07-16 17:48:15,804 - assessment - INFO - Question 1: No response provided
2025-07-16 17:48:15,804 - assessment - WARNING - Empty responses for section Children's Websites, using raw score None
2025-07-16 17:48:15,804 - assessment - INFO - Section Children's Websites score: AFTER=0.0% (Raw score was None)
2025-07-16 17:48:15,804 - assessment - INFO - Section Children's Websites: No responses, score set to None
2025-07-16 17:48:15,805 - assessment - INFO - Section Children's Websites: total_points=0.0, max_points=1
2025-07-16 17:48:15,805 - assessment - INFO - Verifying all sections have scores...
2025-07-16 17:48:15,805 - assessment - INFO - Calculated section scores: {'Applicability of the PDPPL': 1.0, 'Principles of Data Privacy': None, 'Permitted Reasons': None, 'Special Nature Processing & Security': None, "Individuals' Rights & Complaints": None, 'Governance & Training Awareness': None, 'Data Privacy Impact Assessment (DPIA) & Privacy by Design': None, 'Cross Border Data Flows & Third Party Agreements': None, 'Data Breaches': None, "Children's Websites": None}
2025-07-16 17:48:15,805 - assessment - INFO - ===== Calculating weighted overall score =====
2025-07-16 17:48:15,805 - assessment - INFO - Section Applicability of the PDPPL: score=1.00, weight=0.06, contribution=0.06
2025-07-16 17:48:15,805 - assessment - INFO - Section Principles of Data Privacy: SKIPPED (no score)
2025-07-16 17:48:15,806 - assessment - INFO - Section Permitted Reasons: SKIPPED (no score)
2025-07-16 17:48:15,806 - assessment - INFO - Section Special Nature Processing & Security: SKIPPED (no score)
2025-07-16 17:48:15,806 - assessment - INFO - Section Individuals' Rights & Complaints: SKIPPED (no score)
2025-07-16 17:48:15,806 - assessment - INFO - Section Governance & Training Awareness: SKIPPED (no score)
2025-07-16 17:48:15,806 - assessment - INFO - Section Data Privacy Impact Assessment (DPIA) & Privacy by Design: SKIPPED (no score)
2025-07-16 17:48:15,806 - assessment - INFO - Section Cross Border Data Flows & Third Party Agreements: SKIPPED (no score)
2025-07-16 17:48:15,807 - assessment - INFO - Section Data Breaches: SKIPPED (no score)
2025-07-16 17:48:15,807 - assessment - INFO - Section Children's Websites: SKIPPED (no score)
2025-07-16 17:48:15,807 - assessment - INFO - Total weighted score: 0.06, Total weight: 0.06
2025-07-16 17:48:15,808 - assessment - INFO - Overall score calculation: (0.06 / total_weight) * 100 = 100.00%
2025-07-16 17:48:16,454 - __main__ - INFO - Application started - Logging initialized
2025-07-16 17:48:16,604 - __main__ - INFO - Application started - Logging initialized
2025-07-16 17:48:17,285 - __main__ - INFO - Application started - Logging initialized
2025-07-16 17:48:17,419 - __main__ - INFO - Application started - Logging initialized
2025-07-16 17:48:17,921 - __main__ - INFO - Application started - Logging initialized
2025-07-16 17:48:18,094 - __main__ - INFO - Application started - Logging initialized
2025-07-16 17:48:18,581 - __main__ - INFO - Application started - Logging initialized
2025-07-16 17:48:18,730 - __main__ - INFO - Application started - Logging initialized
2025-07-16 17:48:19,308 - __main__ - INFO - Application started - Logging initialized
2025-07-16 17:48:19,480 - __main__ - INFO - Application started - Logging initialized
2025-07-16 17:48:20,522 - __main__ - INFO - Application started - Logging initialized
2025-07-16 17:48:21,258 - __main__ - INFO - Application started - Logging initialized
2025-07-16 17:48:21,399 - __main__ - INFO - Application started - Logging initialized
2025-07-16 17:48:21,981 - __main__ - INFO - Application started - Logging initialized
2025-07-16 17:48:22,124 - __main__ - INFO - Application started - Logging initialized
2025-07-16 17:48:22,810 - __main__ - INFO - Application started - Logging initialized
2025-07-16 17:48:22,939 - __main__ - INFO - Application started - Logging initialized
2025-07-16 17:48:24,359 - __main__ - INFO - Application started - Logging initialized
2025-07-16 17:48:24,508 - __main__ - INFO - Application started - Logging initialized
2025-07-16 17:48:25,007 - __main__ - INFO - Application started - Logging initialized
2025-07-16 17:48:25,146 - __main__ - INFO - Application started - Logging initialized
2025-07-16 17:48:25,571 - __main__ - INFO - Application started - Logging initialized
2025-07-16 17:48:25,706 - __main__ - INFO - Application started - Logging initialized
2025-07-16 17:48:26,204 - __main__ - INFO - Application started - Logging initialized
2025-07-16 17:48:26,334 - __main__ - INFO - Application started - Logging initialized
2025-07-16 17:48:27,406 - __main__ - INFO - Application started - Logging initialized
2025-07-16 17:48:27,548 - __main__ - INFO - Application started - Logging initialized
2025-07-16 17:48:28,195 - __main__ - INFO - Application started - Logging initialized
2025-07-16 17:48:28,331 - __main__ - INFO - Application started - Logging initialized
2025-07-16 17:48:29,373 - __main__ - INFO - Application started - Logging initialized
2025-07-16 17:48:29,502 - __main__ - INFO - Application started - Logging initialized
2025-07-16 17:48:30,474 - __main__ - INFO - Application started - Logging initialized
2025-07-16 17:48:30,630 - __main__ - INFO - Application started - Logging initialized
2025-07-16 17:48:31,854 - __main__ - INFO - Application started - Logging initialized
2025-07-16 17:48:31,993 - __main__ - INFO - Application started - Logging initialized
2025-07-16 17:48:32,505 - __main__ - INFO - Application started - Logging initialized
2025-07-16 17:48:32,693 - __main__ - INFO - Application started - Logging initialized
2025-07-16 17:48:33,444 - __main__ - INFO - Application started - Logging initialized
2025-07-16 17:48:33,581 - __main__ - INFO - Application started - Logging initialized
2025-07-16 17:48:34,160 - __main__ - INFO - Application started - Logging initialized
2025-07-16 17:48:34,315 - __main__ - INFO - Application started - Logging initialized
2025-07-16 17:48:35,413 - __main__ - INFO - Application started - Logging initialized
2025-07-16 17:48:35,549 - __main__ - INFO - Application started - Logging initialized
2025-07-16 17:48:36,270 - __main__ - INFO - Application started - Logging initialized
2025-07-16 17:48:36,436 - __main__ - INFO - Application started - Logging initialized
2025-07-16 17:48:37,517 - __main__ - INFO - Application started - Logging initialized
2025-07-16 17:48:37,644 - __main__ - INFO - Application started - Logging initialized
2025-07-16 17:48:38,606 - __main__ - INFO - Application started - Logging initialized
2025-07-16 17:48:38,736 - __main__ - INFO - Application started - Logging initialized
2025-07-16 17:48:40,316 - __main__ - INFO - Application started - Logging initialized
2025-07-16 17:48:40,350 - assessment - INFO - [CALC] calculate_compliance_score CALLED with regulation_code='DPDP', industry_code='Banking and finance'
2025-07-16 17:48:40,351 - assessment - INFO - [CALC] Using passed parameters: regulation='DPDP', industry='Banking and finance'
2025-07-16 17:48:40,351 - assessment - INFO - [CALC] About to call get_questionnaire('DPDP', 'Banking and finance')
2025-07-16 17:48:40,352 - assessment - INFO - [CALC] Loaded questionnaire has 13 sections for DPDP/Banking and finance
2025-07-16 17:48:40,352 - assessment - INFO - [CALC] First 3 section names: ['Data Collection and Processing', 'Data Principal Rights', 'Data Security Measures']
2025-07-16 17:48:40,353 - assessment - INFO - [CALC] ALL SECTION NAMES: ['Data Collection and Processing', 'Data Principal Rights', 'Data Security Measures', 'Data Breach Notification', 'Data Retention and Erasure', 'Data Accuracy and Completeness', "Children's Data Protection", 'Third-Party Processing', 'Cross-Border Data Transfers', 'Significant Data Fiduciary Obligations', 'Grievance Redressal', 'Exemptions', 'Documentation and Compliance']
2025-07-16 17:48:40,353 - assessment - WARNING - [CALC] UNKNOWN: Questionnaire type unclear for DPDP
2025-07-16 17:48:40,353 - assessment - INFO - [CALC] Answer points dictionary has 175 entries
2025-07-16 17:48:40,353 - assessment - INFO - Answer points dictionary has 175 entries
2025-07-16 17:48:40,354 - assessment - WARNING - Response 'Yes, Notices are provided in English and all 22 official Indian languages listed in the Eighth Schedule of the Constitution.' not found in answer_points
2025-07-16 17:48:40,354 - assessment - WARNING - Response 'Yes, with robust measures: The organization has implemented comprehensive technical and organizational measures to ensure the effectiveness of the grievance redressal system, including dedicated channels for submitting grievances, clear timelines for resolution, and a robust monitoring system to analyze performance and identify trends.' not found in answer_points
2025-07-16 17:48:40,354 - assessment - INFO - Processing scores for 13 sections
2025-07-16 17:48:40,355 - assessment - INFO - Found responses for section indices: [0, 1, 2, 3, 4, 5, 6, 7, 8, 9, 10, 11, 12]
2025-07-16 17:48:40,355 - assessment - INFO - ===== Calculating score for section: Data Collection and Processing =====
2025-07-16 17:48:40,355 - assessment - INFO - Question 1: Response = 'Yes, Notices are provided in English and all 22 official Indian languages listed in the Eighth Schedule of the Constitution.'
2025-07-16 17:48:40,356 - assessment - INFO - Question 1: Points = 1.0 (partial match)
2025-07-16 17:48:40,356 - assessment - INFO - Question 2: Response = 'Yes, with detailed itemization: The notice provides a clear, detailed list of all personal data collected and specifies the exact purposes for their use.'
2025-07-16 17:48:40,356 - assessment - INFO - Question 2: Points = 1.0
2025-07-16 17:48:40,356 - assessment - INFO - Question 2: Adding 1.0 points, running total = 1.0/2
2025-07-16 17:48:40,357 - assessment - INFO - Question 3: Response = 'No, we rely on implicit consent or lack clear affirmative action: Consent is assumed without explicit action or is not clearly tied to specific purposes.'
2025-07-16 17:48:40,357 - assessment - INFO - Question 3: Points = 0.0
2025-07-16 17:48:40,357 - assessment - INFO - Question 3: Adding 0.0 points, running total = 1.0/3
2025-07-16 17:48:40,357 - assessment - INFO - Question 4: Response = 'Partially, but some processing may exceed specified purposes: While efforts are made to limit processing to specified purposes, there may be instances where data is used beyond those purposes.'
2025-07-16 17:48:40,358 - assessment - INFO - Question 4: Points = 0.5
2025-07-16 17:48:40,358 - assessment - INFO - Question 4: Adding 0.5 points, running total = 1.5/4
2025-07-16 17:48:40,358 - assessment - INFO - Question 5: Response = 'No, we lack procedures for verifying voluntary data provision: The organization does not have specific procedures in place to verify voluntary data provision under consent exemptions.'
2025-07-16 17:48:40,358 - assessment - INFO - Question 5: Points = 0.0
2025-07-16 17:48:40,358 - assessment - INFO - Question 5: Adding 0.0 points, running total = 1.5/5
2025-07-16 17:48:40,359 - assessment - INFO - Section Data Collection and Processing score: BEFORE=30.0%, AFTER=30.0% (Corrected)
2025-07-16 17:48:40,359 - assessment - INFO - Section Data Collection and Processing: total_points=1.5, max_points=5
2025-07-16 17:48:40,359 - assessment - INFO - ===== Calculating score for section: Data Principal Rights =====
2025-07-16 17:48:40,359 - assessment - INFO - Question 1: Response = 'No, communication channels are lacking or complex: The organization does not have established or accessible channels for data principals to exercise their rights.'
2025-07-16 17:48:40,360 - assessment - INFO - Question 1: Points = 0.0
2025-07-16 17:48:40,360 - assessment - INFO - Question 1: Adding 0.0 points, running total = 0.0/1
2025-07-16 17:48:40,360 - assessment - INFO - Question 2: Response = 'Yes, with a dedicated web form: The organization provides a specific web form or feature on its website/portal that allows customers to easily submit requests to exercise their rights (e.g., access, correction, erasure).'
2025-07-16 17:48:40,360 - assessment - INFO - Question 2: Points = 1.0
2025-07-16 17:48:40,360 - assessment - INFO - Question 2: Adding 1.0 points, running total = 1.0/2
2025-07-16 17:48:40,361 - assessment - INFO - Question 3: Response = 'Yes, with established processes and timelines: The organization has developed internal mechanisms to ensure timely responses to data principal requests, typically within the specified timeframe (e.g., 30 days).'
2025-07-16 17:48:40,361 - assessment - INFO - Question 3: Points = 1.0
2025-07-16 17:48:40,362 - assessment - INFO - Question 3: Adding 1.0 points, running total = 2.0/3
2025-07-16 17:48:40,362 - assessment - INFO - Question 4: Response = 'Partially, but timelines are not clearly communicated: While some information about grievance response times may be available, it is not clearly displayed or communicated to users.'
2025-07-16 17:48:40,362 - assessment - INFO - Question 4: Points = 0.5
2025-07-16 17:48:40,362 - assessment - INFO - Question 4: Adding 0.5 points, running total = 2.5/4
2025-07-16 17:48:40,362 - assessment - INFO - Question 5: Response = 'Partially, but nomination processes need clarification: While some mechanism exists, it may not be fully clear or accessible to all data principals.'
2025-07-16 17:48:40,362 - assessment - INFO - Question 5: Points = 0.5
2025-07-16 17:48:40,364 - assessment - INFO - Question 5: Adding 0.5 points, running total = 3.0/5
2025-07-16 17:48:40,364 - assessment - INFO - Section Data Principal Rights score: BEFORE=60.0%, AFTER=60.0% (Corrected)
2025-07-16 17:48:40,364 - assessment - INFO - Section Data Principal Rights: total_points=3.0, max_points=5
2025-07-16 17:48:40,364 - assessment - INFO - ===== Calculating score for section: Data Security Measures =====
2025-07-16 17:48:40,364 - assessment - INFO - Question 1: Response = 'Yes, with comprehensive implementation: The organization has fully implemented a combination of data security measures such as encryption, obfuscation, masking, and virtual tokens to protect personal data.'
2025-07-16 17:48:40,364 - assessment - INFO - Question 1: Points = 1.0
2025-07-16 17:48:40,365 - assessment - INFO - Question 1: Adding 1.0 points, running total = 1.0/1
2025-07-16 17:48:40,365 - assessment - INFO - Question 2: Response = 'Yes, with robust access controls: The organization has implemented strong access controls, including authentication mechanisms, authorization protocols, and access logs to ensure that only authorized personnel can access computer resources handling personal data.'
2025-07-16 17:48:40,365 - assessment - INFO - Question 2: Points = 1.0
2025-07-16 17:48:40,365 - assessment - INFO - Question 2: Adding 1.0 points, running total = 2.0/2
2025-07-16 17:48:40,365 - assessment - INFO - Question 3: Response = 'Not applicable: This option might apply if your organization does not handle personal data or if such systems are not relevant to your operations.'
2025-07-16 17:48:40,366 - assessment - INFO - Question 3: Points = None
2025-07-16 17:48:40,366 - assessment - INFO - Question 4: Response = 'No, we lack adequate backup and recovery measures: The organization does not have sufficient mechanisms in place for continued processing in case of data compromise.'
2025-07-16 17:48:40,366 - assessment - INFO - Question 4: Points = 0.0
2025-07-16 17:48:40,366 - assessment - INFO - Question 4: Adding 0.0 points, running total = 2.0/4
2025-07-16 17:48:40,368 - assessment - INFO - Question 5: Response = 'No, we do not retain logs and data for the required period: The organization does not retain logs and personal data for at least one year, which could hinder the detection and investigation of unauthorized access.'
2025-07-16 17:48:40,368 - assessment - INFO - Question 5: Points = 0.0
2025-07-16 17:48:40,368 - assessment - INFO - Question 5: Adding 0.0 points, running total = 2.0/5
2025-07-16 17:48:40,368 - assessment - INFO - Section Data Security Measures score: BEFORE=40.0%, AFTER=40.0% (Corrected)
2025-07-16 17:48:40,368 - assessment - INFO - Section Data Security Measures: total_points=2.0, max_points=5
2025-07-16 17:48:40,368 - assessment - INFO - ===== Calculating score for section: Data Breach Notification =====
2025-07-16 17:48:40,369 - assessment - INFO - Question 1: Response = 'Not applicable: This option might apply if your organization does not handle personal data or if breach notifications are not relevant to your operations.'
2025-07-16 17:48:40,369 - assessment - INFO - Question 1: Points = None
2025-07-16 17:48:40,369 - assessment - INFO - Question 2: Response = 'Yes, with comprehensive details: The breach notification includes a clear description of the breach (nature, timing, and location), its likely consequences for affected data principals, measures implemented to mitigate risks, and safety measures data principals can take to protect themselves.'
2025-07-16 17:48:40,369 - assessment - INFO - Question 2: Points = 1.0
2025-07-16 17:48:40,370 - assessment - INFO - Question 2: Adding 1.0 points, running total = 1.0/2
2025-07-16 17:48:40,370 - assessment - INFO - Question 3: Response = 'Partially, but notification procedures need improvement: While some procedures exist, they may not ensure timely notification within the 72-hour timeframe.'
2025-07-16 17:48:40,370 - assessment - INFO - Question 3: Points = 0.5
2025-07-16 17:48:40,370 - assessment - INFO - Question 3: Adding 0.5 points, running total = 1.5/3
2025-07-16 17:48:40,370 - assessment - INFO - Section Data Breach Notification score: BEFORE=50.0%, AFTER=50.0% (Corrected)
2025-07-16 17:48:40,371 - assessment - INFO - Section Data Breach Notification: total_points=1.5, max_points=3
2025-07-16 17:48:40,371 - assessment - INFO - ===== Calculating score for section: Data Retention and Erasure =====
2025-07-16 17:48:40,371 - assessment - INFO - Question 1: Response = 'Partially, but erasure processes need improvement: While some processes exist, they may not be fully automated or could be more efficient to ensure timely erasure.'
2025-07-16 17:48:40,371 - assessment - INFO - Question 1: Points = 0.5
2025-07-16 17:48:40,371 - assessment - INFO - Question 1: Adding 0.5 points, running total = 0.5/1
2025-07-16 17:48:40,372 - assessment - INFO - Question 2: Response = 'No, we lack procedures for timely data erasure: The organization does not have specific procedures in place to erase personal data when it is no longer necessary or when the customer has not approached for data processing within the prescribed time period.'
2025-07-16 17:48:40,372 - assessment - INFO - Question 2: Points = 0.0
2025-07-16 17:48:40,372 - assessment - INFO - Question 2: Adding 0.0 points, running total = 0.5/2
2025-07-16 17:48:40,372 - assessment - INFO - Question 3: Response = 'Manual processes are in place, but they are effective: The organization uses manual processes to notify customers, which are effective but may not always ensure timely notice.'
2025-07-16 17:48:40,374 - assessment - INFO - Question 3: Points = 0
2025-07-16 17:48:40,374 - assessment - INFO - Question 3: Adding 0 points, running total = 0.5/3
2025-07-16 17:48:40,374 - assessment - INFO - Question 4: Response = 'No, we lack secure erasure standards: The organization does not have specific secure erasure standards or procedures in place to ensure that personal data is properly erased.'
2025-07-16 17:48:40,374 - assessment - INFO - Question 4: Points = 0.0
2025-07-16 17:48:40,374 - assessment - INFO - Question 4: Adding 0.0 points, running total = 0.5/4
2025-07-16 17:48:40,375 - assessment - INFO - Section Data Retention and Erasure score: BEFORE=12.5%, AFTER=12.5% (Corrected)
2025-07-16 17:48:40,375 - assessment - INFO - Section Data Retention and Erasure: total_points=0.5, max_points=4
2025-07-16 17:48:40,375 - assessment - INFO - ===== Calculating score for section: Data Accuracy and Completeness =====
2025-07-16 17:48:40,375 - assessment - INFO - Question 1: Response = 'Not Applicable: Our organization does not handle personal data or process customer decisions based on such data.'
2025-07-16 17:48:40,376 - assessment - INFO - Question 1: Points = None
2025-07-16 17:48:40,376 - assessment - INFO - Question 2: Response = 'Yes, with comprehensive audit logging: The organization has implemented robust audit logs that track all database modifications, including details such as the user, timestamp, type of operation (insert, update, delete), and affected records. These logs are designed to ensure traceability and compliance with security standards.'
2025-07-16 17:48:40,376 - assessment - INFO - Question 2: Points = 1.0
2025-07-16 17:48:40,376 - assessment - INFO - Question 2: Adding 1.0 points, running total = 1.0/2
2025-07-16 17:48:40,376 - assessment - INFO - Section Data Accuracy and Completeness score: BEFORE=50.0%, AFTER=50.0% (Corrected)
2025-07-16 17:48:40,378 - assessment - INFO - Section Data Accuracy and Completeness: total_points=1.0, max_points=2
2025-07-16 17:48:40,379 - assessment - INFO - ===== Calculating score for section: Children's Data Protection =====
2025-07-16 17:48:40,379 - assessment - INFO - Question 1: Response = 'Yes, with robust mechanisms for verifiable consent: The organization has implemented robust mechanisms to obtain verifiable parental consent before processing children's data, ensuring compliance with legal requirements and ensuring that consent is genuine and authorized by a parent or guardian.'
2025-07-16 17:48:40,379 - assessment - INFO - Question 1: Points = 1.0
2025-07-16 17:48:40,379 - assessment - INFO - Question 1: Adding 1.0 points, running total = 1.0/1
2025-07-16 17:48:40,380 - assessment - INFO - Question 2: Response = 'Not applicable: This option might apply if your organization does not handle children's data or if such verification is not relevant to your operations.'
2025-07-16 17:48:40,381 - assessment - INFO - Question 2: Points = None
2025-07-16 17:48:40,381 - assessment - INFO - Question 3: Response = 'Partially, but we need further clarification: While the organization may fit into exempted categories, there is uncertainty about whether all activities qualify for exemptions or if additional conditions must be met.'
2025-07-16 17:48:40,381 - assessment - INFO - Question 3: Points = 0.5
2025-07-16 17:48:40,382 - assessment - INFO - Question 3: Adding 0.5 points, running total = 1.5/3
2025-07-16 17:48:40,382 - assessment - INFO - Section Children's Data Protection score: BEFORE=50.0%, AFTER=50.0% (Corrected)
2025-07-16 17:48:40,382 - assessment - INFO - Section Children's Data Protection: total_points=1.5, max_points=3
2025-07-16 17:48:40,382 - assessment - INFO - ===== Calculating score for section: Third-Party Processing =====
2025-07-16 17:48:40,383 - assessment - INFO - Question 1: Response = 'Yes, with comprehensive contracts: The organization has established valid contracts with third-party processors that clearly outline the processors' responsibilities and obligations, including compliance with data protection laws, security measures, and breach notification requirements.'
2025-07-16 17:48:40,383 - assessment - INFO - Question 1: Points = 1.0
2025-07-16 17:48:40,383 - assessment - INFO - Question 1: Adding 1.0 points, running total = 1.0/1
2025-07-16 17:48:40,383 - assessment - INFO - Question 2: Response = 'Not applicable: This option might apply if your organization does not engage data processors or if such provisions are not relevant to your operations.'
2025-07-16 17:48:40,385 - assessment - INFO - Question 2: Points = None
2025-07-16 17:48:40,385 - assessment - INFO - Section Third-Party Processing score: BEFORE=50.0%, AFTER=50.0% (Corrected)
2025-07-16 17:48:40,386 - assessment - INFO - Section Third-Party Processing: total_points=1.0, max_points=2
2025-07-16 17:48:40,386 - assessment - INFO - ===== Calculating score for section: Cross-Border Data Transfers =====
2025-07-16 17:48:40,386 - assessment - INFO - Question 1: Response = 'No, we do not comply with data localization norms: The organization does not comply with existing data localization regulations, which could lead to regulatory issues and potential penalties.'
2025-07-16 17:48:40,387 - assessment - INFO - Question 1: Points = 0.0
2025-07-16 17:48:40,387 - assessment - INFO - Question 1: Adding 0.0 points, running total = 0.0/1
2025-07-16 17:48:40,387 - assessment - INFO - Question 2: Response = 'Partially, but compliance needs improvement: While efforts are made to comply with data localization requirements, there may be instances where data is transferred outside India without proper authorization or exemptions.'
2025-07-16 17:48:40,388 - assessment - INFO - Question 2: Points = 0.5
2025-07-16 17:48:40,388 - assessment - INFO - Question 2: Adding 0.5 points, running total = 0.5/2
2025-07-16 17:48:40,388 - assessment - INFO - Question 3: Response = 'No, we do not comply with government requirements: The organization does not adhere to the Central Government's requirements for making personal data available to foreign entities, which could lead to regulatory issues.'
2025-07-16 17:48:40,388 - assessment - INFO - Question 3: Points = 0.0
2025-07-16 17:48:40,388 - assessment - INFO - Question 3: Adding 0.0 points, running total = 0.5/3
2025-07-16 17:48:40,389 - assessment - INFO - Section Cross-Border Data Transfers score: BEFORE=16.7%, AFTER=16.7% (Corrected)
2025-07-16 17:48:40,389 - assessment - INFO - Section Cross-Border Data Transfers: total_points=0.5, max_points=3
2025-07-16 17:48:40,389 - assessment - INFO - ===== Calculating score for section: Significant Data Fiduciary Obligations =====
2025-07-16 17:48:40,389 - assessment - INFO - Question 1: Response = 'Yes, with regular DPIAs and audits: The organization conducts Data Protection Impact Assessments (DPIAs) and audits annually, as required for Significant Data Fiduciaries, to evaluate data processing risks and ensure compliance with the DPDP Act.'
2025-07-16 17:48:40,390 - assessment - INFO - Question 1: Points = 1.0
2025-07-16 17:48:40,390 - assessment - INFO - Question 1: Adding 1.0 points, running total = 1.0/1
2025-07-16 17:48:40,390 - assessment - INFO - Question 2: Response = 'Partially, but reporting needs improvement: While some reports are submitted, they may not fully capture all significant observations or may not be submitted in a timely manner, requiring adjustments to meet regulatory standards.'
2025-07-16 17:48:40,390 - assessment - INFO - Question 2: Points = 0.5
2025-07-16 17:48:40,391 - assessment - INFO - Question 2: Adding 0.5 points, running total = 1.5/2
2025-07-16 17:48:40,391 - assessment - INFO - Question 3: Response = 'Yes, with robust due diligence processes: The organization has implemented thorough due diligence processes to verify that algorithmic software used for processing personal data does not pose risks to the rights of data principals, ensuring compliance with regulatory requirements.'
2025-07-16 17:48:40,391 - assessment - INFO - Question 3: Points = 1.0
2025-07-16 17:48:40,391 - assessment - INFO - Question 3: Adding 1.0 points, running total = 2.5/3
2025-07-16 17:48:40,391 - assessment - INFO - Section 'Significant Data Fiduciary Obligations' has all full compliance responses - should have perfect score
2025-07-16 17:48:40,392 - assessment - INFO - Correcting Significant Data Fiduciary Obligations score from 0.8333333333333334 to 1.0 based on full compliance pattern
2025-07-16 17:48:40,392 - assessment - INFO - Section Significant Data Fiduciary Obligations score: BEFORE=83.3%, AFTER=100.0% (Corrected)
2025-07-16 17:48:40,392 - assessment - INFO - Section Significant Data Fiduciary Obligations: total_points=2.5, max_points=3
2025-07-16 17:48:40,392 - assessment - INFO - ===== Calculating score for section: Grievance Redressal =====
2025-07-16 17:48:40,393 - assessment - INFO - Question 1: Response = 'No, we lack a grievance redressal mechanism: The organization does not have a specific mechanism in place to address grievances from data principals, which could lead to non-compliance with the DPDP Act.'
2025-07-16 17:48:40,393 - assessment - INFO - Question 1: Points = 0.0
2025-07-16 17:48:40,393 - assessment - INFO - Question 1: Adding 0.0 points, running total = 0.0/1
2025-07-16 17:48:40,393 - assessment - INFO - Question 2: Response = 'Yes, with clear publication: The organization has clearly published the timeframe for responding to grievances on its website and/or app, ensuring transparency and compliance with regulatory requirements.'
2025-07-16 17:48:40,393 - assessment - INFO - Question 2: Points = 1.0
2025-07-16 17:48:40,394 - assessment - INFO - Question 2: Adding 1.0 points, running total = 1.0/2
2025-07-16 17:48:40,394 - assessment - INFO - Question 3: Response = 'Yes, with robust measures: The organization has implemented comprehensive technical and organizational measures to ensure the effectiveness of the grievance redressal system, including dedicated channels for submitting grievances, clear timelines for resolution, and a robust monitoring system to analyze performance and identify trends.'
2025-07-16 17:48:40,394 - assessment - WARNING - No points assigned for response: 'Yes, with robust measures: The organization has implemented comprehensive technical and organizational measures to ensure the effectiveness of the grievance redressal system, including dedicated channels for submitting grievances, clear timelines for resolution, and a robust monitoring system to analyze performance and identify trends.'
2025-07-16 17:48:40,394 - assessment - INFO - Section Grievance Redressal score: BEFORE=33.3%, AFTER=33.3% (Corrected)
2025-07-16 17:48:40,395 - assessment - INFO - Section Grievance Redressal: total_points=1.0, max_points=3
2025-07-16 17:48:40,395 - assessment - INFO - ===== Calculating score for section: Exemptions =====
2025-07-16 17:48:40,395 - assessment - INFO - Question 1: Response = 'Yes, we are aware of these exemptions: The organization is aware of the exemptions under the DPDP Act that allow for processing personal data without consent for specific purposes, such as preventing or investigating offenses, assessing financial information of loan defaulters, and enforcing legal rights or claims.'
2025-07-16 17:48:40,395 - assessment - INFO - Question 1: Points = 1.0
2025-07-16 17:48:40,396 - assessment - INFO - Question 1: Adding 1.0 points, running total = 1.0/1
2025-07-16 17:48:40,396 - assessment - INFO - Question 2: Response = 'Not applicable: This option might apply if your organization does not meet the criteria for receiving such exemptions or if such exemptions are not relevant to your operations.'
2025-07-16 17:48:40,396 - assessment - INFO - Question 2: Points = None
2025-07-16 17:48:40,396 - assessment - INFO - Section Exemptions score: BEFORE=50.0%, AFTER=50.0% (Corrected)
2025-07-16 17:48:40,396 - assessment - INFO - Section Exemptions: total_points=1.0, max_points=2
2025-07-16 17:48:40,397 - assessment - INFO - ===== Calculating score for section: Documentation and Compliance =====
2025-07-16 17:48:40,397 - assessment - INFO - Question 1: Response = 'Yes, with comprehensive documentation: The organization has thoroughly documented all processes related to personal data protection, including records of processing activities, data protection impact assessments (DPIAs), technical and organizational measures (TOMs), and policies for handling personal data. This documentation is maintained in a granular and meaningful way, ensuring compliance with data protection regulations.'
2025-07-16 17:48:40,397 - assessment - INFO - Question 1: Points = 1.0
2025-07-16 17:48:40,397 - assessment - INFO - Question 1: Adding 1.0 points, running total = 1.0/1
2025-07-16 17:48:40,398 - assessment - INFO - Question 2: Response = 'Partially, but reviews and updates need improvement: While some reviews and updates occur, they may not be as frequent or comprehensive as needed, requiring further enhancements to maintain compliance and effectiveness.'
2025-07-16 17:48:40,398 - assessment - INFO - Question 2: Points = 0.5
2025-07-16 17:48:40,398 - assessment - INFO - Question 2: Adding 0.5 points, running total = 1.5/2
2025-07-16 17:48:40,398 - assessment - INFO - Question 3: Response = 'Yes, with a designated person (not a formal DPO): While not formally appointing a DPO, the organization has designated a person responsible for answering questions about data processing and ensuring compliance with data protection regulations.'
2025-07-16 17:48:40,399 - assessment - INFO - Question 3: Points = 1.0
2025-07-16 17:48:40,399 - assessment - INFO - Question 3: Adding 1.0 points, running total = 2.5/3
2025-07-16 17:48:40,399 - assessment - INFO - Question 4: Response = 'Not applicable: This option might apply if your organization does not handle personal data or if such training is not relevant to your operations.'
2025-07-16 17:48:40,399 - assessment - INFO - Question 4: Points = None
2025-07-16 17:48:40,400 - assessment - INFO - Question 5: Response = 'Partially, but the process needs improvement: While some efforts are made to monitor changes, such as occasional reviews or informal updates, the process is not systematic or comprehensive enough to ensure full compliance with evolving regulations.'
2025-07-16 17:48:40,400 - assessment - INFO - Question 5: Points = 0.5
2025-07-16 17:48:40,400 - assessment - INFO - Question 5: Adding 0.5 points, running total = 3.0/5
2025-07-16 17:48:40,400 - assessment - INFO - Section Documentation and Compliance score: BEFORE=60.0%, AFTER=60.0% (Corrected)
2025-07-16 17:48:40,400 - assessment - INFO - Section Documentation and Compliance: total_points=3.0, max_points=5
2025-07-16 17:48:40,400 - assessment - INFO - Verifying all sections have scores...
2025-07-16 17:48:40,402 - assessment - INFO - Calculated section scores: {'Data Collection and Processing': 0.3, 'Data Principal Rights': 0.6, 'Data Security Measures': 0.4, 'Data Breach Notification': 0.5, 'Data Retention and Erasure': 0.125, 'Data Accuracy and Completeness': 0.5, "Children's Data Protection": 0.5, 'Third-Party Processing': 0.5, 'Cross-Border Data Transfers': 0.16666666666666666, 'Significant Data Fiduciary Obligations': 1.0, 'Grievance Redressal': 0.3333333333333333, 'Exemptions': 0.5, 'Documentation and Compliance': 0.6}
2025-07-16 17:48:40,402 - assessment - INFO - ===== Calculating weighted overall score =====
2025-07-16 17:48:40,402 - assessment - INFO - Section Data Collection and Processing: score=0.30, weight=0.11, contribution=0.03
2025-07-16 17:48:40,402 - assessment - INFO - Section Data Principal Rights: score=0.60, weight=0.11, contribution=0.07
2025-07-16 17:48:40,403 - assessment - INFO - Section Data Security Measures: score=0.40, weight=0.13, contribution=0.05
2025-07-16 17:48:40,403 - assessment - INFO - Section Data Breach Notification: score=0.50, weight=0.10, contribution=0.05
2025-07-16 17:48:40,403 - assessment - INFO - Section Data Retention and Erasure: score=0.12, weight=0.05, contribution=0.01
2025-07-16 17:48:40,403 - assessment - INFO - Section Data Accuracy and Completeness: score=0.50, weight=0.08, contribution=0.04
2025-07-16 17:48:40,403 - assessment - INFO - Section Children's Data Protection: score=0.50, weight=0.03, contribution=0.01
2025-07-16 17:48:40,404 - assessment - INFO - Section Third-Party Processing: score=0.50, weight=0.08, contribution=0.04
2025-07-16 17:48:40,404 - assessment - INFO - Section Cross-Border Data Transfers: score=0.17, weight=0.06, contribution=0.01
2025-07-16 17:48:40,404 - assessment - INFO - Section Significant Data Fiduciary Obligations: score=1.00, weight=0.10, contribution=0.10
2025-07-16 17:48:40,404 - assessment - INFO - Section Grievance Redressal: score=0.33, weight=0.05, contribution=0.02
2025-07-16 17:48:40,404 - assessment - INFO - Section Exemptions: score=0.50, weight=0.03, contribution=0.01
2025-07-16 17:48:40,405 - assessment - INFO - Section Documentation and Compliance: score=0.60, weight=0.06, contribution=0.04
2025-07-16 17:48:40,405 - assessment - INFO - Total weighted score: 0.47991666666666666, Total weight: 0.99
2025-07-16 17:48:40,405 - assessment - INFO - Overall score calculation: (0.47991666666666666 / total_weight) * 100 = 48.48%
2025-07-16 17:48:40,407 - assessment - INFO - Added recommendation from partial match: Implement necessary measures to ensure compliance with sectoral data localization norms, including storing all required data within India.

**Informatica Solution:** Deploy Informatica Cloud Data Integration with region-specific processing to maintain data residency compliance for RBI and IRDAI regulations.
2025-07-16 17:48:40,407 - assessment - INFO - Added recommendation from partial match: While efforts are made to comply with data localization requirements, there may be instances where data is transferred outside India without proper authorization or exemptions. Ensure strict enforcement of data localization policies by preventing unauthorized cross-border transfers of specified personal and traffic data.
2025-07-16 17:48:40,407 - assessment - INFO - Added recommendation from partial match: The organization does not adhere to the Central Government's requirements for making personal data available to foreign entities, which could lead to regulatory issues. Develop and implement a compliance framework to meet Central Government regulations on cross-border data transfers under DPDP Section 14.
2025-07-16 17:48:40,522 - __main__ - INFO - Application started - Logging initialized
2025-07-16 17:48:40,648 - views - INFO - Requesting AI report generation with the following configuration:
2025-07-16 17:48:40,649 - views - INFO - AI enabled: True
2025-07-16 17:48:40,650 - views - INFO - API key available: Yes
2025-07-16 17:48:40,650 - views - INFO - API provider: openrouter
2025-07-16 17:48:40,652 - nlg_report - INFO - AI API is fully configured and enabled
2025-07-16 17:48:40,664 - nlg_report - INFO - Configuring OpenRouter API client
2025-07-16 17:48:41,111 - nlg_report - INFO - OpenRouter client configured with model: deepseek/deepseek-chat-v3-0324:free
2025-07-16 17:48:41,112 - nlg_report - INFO - Creating AI prompt for markdown format from context data
2025-07-16 17:48:41,112 - nlg_report - INFO - Created prompt with length: 10686 characters
2025-07-16 17:48:41,112 - nlg_report - INFO - Making API request attempt 1/3
2025-07-16 17:48:41,113 - nlg_report - INFO - Sending request to OpenRouter API
2025-07-16 17:48:45,284 - httpx - INFO - HTTP Request: POST https://openrouter.ai/api/v1/chat/completions "HTTP/1.1 200 OK"
2025-07-16 17:49:38,174 - nlg_report - INFO - Received full API response
2025-07-16 17:49:38,175 - nlg_report - INFO - API call completed successfully in 57.06 seconds
2025-07-16 17:49:38,175 - nlg_report - INFO - Received valid response with content length: 4093 characters
2025-07-16 17:49:38,176 - views - INFO - Report generation completed in 57.52 seconds
2025-07-16 17:49:38,176 - views - INFO - Report length: 4093 characters
2025-07-16 17:49:38,185 - views - INFO - Looking for logo at: C:\Users\HP\OneDrive - DataInfa Solution Private Limited\Projects\DPDP-main\DPDP-main\Assets\@DataINFA.png
2025-07-16 17:49:38,204 - views - INFO - Looking for logo at: C:\Users\HP\OneDrive - DataInfa Solution Private Limited\Projects\DPDP-main\DPDP-main\Assets\@DataINFA.png
2025-07-16 17:49:38,270 - views - INFO - Temporary PDF output path: C:\Users\HP\AppData\Local\Temp\tmpzy6toxmk.pdf
2025-07-16 17:49:38,271 - views - INFO - Attempting conversion and save to: C:\Users\HP\AppData\Local\Temp\tmpzy6toxmk.pdf
2025-07-16 17:49:38,307 - views - INFO - markdown-pdf save operation completed for C:\Users\HP\AppData\Local\Temp\tmpzy6toxmk.pdf
2025-07-16 17:49:38,307 - views - INFO - Output PDF file exists: C:\Users\HP\AppData\Local\Temp\tmpzy6toxmk.pdf
2025-07-16 17:49:38,340 - views - INFO - Successfully read 147568 bytes from C:\Users\HP\AppData\Local\Temp\tmpzy6toxmk.pdf
2025-07-16 17:49:38,342 - views - INFO - Cleaned up temporary PDF file: C:\Users\HP\AppData\Local\Temp\tmpzy6toxmk.pdf
2025-07-16 17:49:38,358 - views - INFO - [render_assessment] Mapped regulation_for_loader: DPDP
2025-07-16 17:49:53,475 - __main__ - INFO - Application started - Logging initialized
2025-07-16 17:49:53,671 - views - INFO - [render_assessment] Mapped regulation_for_loader: DPDP
2025-07-16 17:52:16,084 - config - INFO - Base directory: C:\Users\HP\OneDrive - DataInfa Solution Private Limited\Projects\DPDP-main\DPDP-main
2025-07-16 17:52:16,088 - config - INFO - Loaded 3 API key(s).
2025-07-16 17:52:16,095 - __main__ - INFO - Application started - Logging initialized
2025-07-16 17:52:16,309 - assessment - INFO - [CACHE] CLEARING ALL QUESTIONNAIRE CACHES due to clear_questionnaire_cache flag
2025-07-16 17:52:16,309 - assessment - INFO - [CACHE] Manual cache also cleared
2025-07-16 17:52:16,309 - assessment - INFO - [CACHE] Cache clearing completed for regulation: DPDP, industry: Banking and finance
2025-07-16 17:52:16,310 - assessment - INFO - Loading questionnaire for regulation: DPDP, industry: Banking and finance
2025-07-16 17:52:16,310 - assessment - INFO - Loading questionnaire from: C:\Users\HP\OneDrive - DataInfa Solution Private Limited\Projects\DPDP-main\DPDP-main\Questionnaire\DPDP\banking and finance.json
2025-07-16 17:52:16,311 - assessment - INFO - [CACHE] File exists: C:\Users\HP\OneDrive - DataInfa Solution Private Limited\Projects\DPDP-main\DPDP-main\Questionnaire\DPDP\banking and finance.json
2025-07-16 17:52:16,312 - assessment - INFO - [CACHE] File preview: {
  "sections": [
    {
      "name": "Data Collection and Processing",
      "weight": 0.11,
      ...
2025-07-16 17:52:16,315 - assessment - INFO - [CACHE] Loaded questionnaire first section: 'Data Collection and Processing'
2025-07-16 17:52:16,478 - views - INFO - [render_assessment] Mapped regulation_for_loader: DPDP
2025-07-16 17:52:21,049 - __main__ - INFO - Application started - Logging initialized
2025-07-16 17:52:21,296 - __main__ - INFO - Application started - Logging initialized
2025-07-16 17:52:21,449 - views - INFO - Requesting AI report generation with the following configuration:
2025-07-16 17:52:21,449 - views - INFO - AI enabled: True
2025-07-16 17:52:21,450 - views - INFO - API key available: Yes
2025-07-16 17:52:21,450 - views - INFO - API provider: openrouter
2025-07-16 17:52:21,451 - nlg_report - INFO - AI API is fully configured and enabled
2025-07-16 17:52:21,463 - nlg_report - INFO - Configuring OpenRouter API client
2025-07-16 17:52:21,946 - nlg_report - INFO - OpenRouter client configured with model: deepseek/deepseek-chat-v3-0324:free
2025-07-16 17:52:21,947 - nlg_report - INFO - Creating AI prompt for markdown format from context data
2025-07-16 17:52:21,947 - nlg_report - INFO - Created prompt with length: 10686 characters
2025-07-16 17:52:21,948 - nlg_report - INFO - Making API request attempt 1/3
2025-07-16 17:52:21,948 - nlg_report - INFO - Sending request to OpenRouter API
2025-07-16 17:52:24,474 - httpx - INFO - HTTP Request: POST https://openrouter.ai/api/v1/chat/completions "HTTP/1.1 200 OK"
2025-07-16 17:52:48,544 - nlg_report - INFO - Received full API response
2025-07-16 17:52:48,544 - nlg_report - INFO - API call completed successfully in 26.60 seconds
2025-07-16 17:52:48,545 - nlg_report - INFO - Received valid response with content length: 4027 characters
2025-07-16 17:52:51,493 - views - INFO - Report generation completed in 30.04 seconds
2025-07-16 17:52:51,494 - views - INFO - Report length: 4027 characters
2025-07-16 17:52:51,544 - views - INFO - [render_assessment] Mapped regulation_for_loader: DPDP
2025-07-16 17:52:57,088 - __main__ - INFO - Application started - Logging initialized
2025-07-16 17:52:57,332 - views - INFO - [render_assessment] Mapped regulation_for_loader: DPDP
2025-07-16 17:53:10,783 - __main__ - INFO - Application started - Logging initialized
2025-07-16 17:53:13,059 - __main__ - INFO - Application started - Logging initialized
2025-07-16 17:53:13,209 - __main__ - INFO - Application started - Logging initialized
2025-07-16 17:53:13,240 - helpers - INFO - Admin token validated
2025-07-16 17:53:13,356 - __main__ - INFO - Application started - Logging initialized
2025-07-16 17:53:16,769 - __main__ - INFO - Application started - Logging initialized
2025-07-16 17:53:16,802 - data_storage - INFO - Assessment data received - is_start: None, is_complete: None
2025-07-16 17:53:16,808 - data_storage - INFO - Saved assessment data for Aa to C:\Users\HP\OneDrive - DataInfa Solution Private Limited\Projects\DPDP-main\DPDP-main\data\organizations\Aa\assessment_20250716_175316.json
2025-07-16 17:53:17,984 - __main__ - INFO - Application started - Logging initialized
2025-07-16 17:53:18,823 - __main__ - INFO - Application started - Logging initialized
2025-07-16 17:53:18,850 - views - INFO - Starting assessment for Aa
2025-07-16 17:53:18,852 - data_storage - INFO - Assessment data received - is_start: True, is_complete: None
2025-07-16 17:53:18,852 - data_storage - INFO - Triggering start notification email for Aa
2025-07-16 17:53:18,852 - data_storage - INFO - Attempting to connect to SMTP server...
2025-07-16 17:53:21,690 - data_storage - INFO - Assessment notification email sent for Aa
2025-07-16 17:53:21,695 - data_storage - INFO - Saved assessment data for Aa to C:\Users\HP\OneDrive - DataInfa Solution Private Limited\Projects\DPDP-main\DPDP-main\data\organizations\Aa\assessment_20250716_175321.json
2025-07-16 17:53:21,697 - helpers - INFO - Navigating to page: assessment from welcome
2025-07-16 17:53:21,817 - __main__ - INFO - Application started - Logging initialized
2025-07-16 17:53:21,851 - assessment - INFO - Loading questionnaire for regulation: PDPPL, industry: General
2025-07-16 17:53:21,851 - assessment - INFO - Looking for questionnaire for general in C:\Users\HP\OneDrive - DataInfa Solution Private Limited\Projects\DPDP-main\DPDP-main\Questionnaire\PDPPL
2025-07-16 17:53:21,852 - assessment - WARNING - No PDPPL questionnaire found for general in C:\Users\HP\OneDrive - DataInfa Solution Private Limited\Projects\DPDP-main\DPDP-main\Questionnaire\PDPPL, using default
2025-07-16 17:53:21,853 - assessment - INFO - Loading questionnaire from: C:\Users\HP\OneDrive - DataInfa Solution Private Limited\Projects\DPDP-main\DPDP-main\Questionnaire\PDPPL\Oil_and_Gas.json
2025-07-16 17:53:21,853 - assessment - INFO - [CACHE] File exists: C:\Users\HP\OneDrive - DataInfa Solution Private Limited\Projects\DPDP-main\DPDP-main\Questionnaire\PDPPL\Oil_and_Gas.json
2025-07-16 17:53:21,855 - assessment - INFO - [CACHE] File preview: {
  "sections": [
    {
      "name": "Applicability of the PDPPL",
      "weight": 0.06,
      "que...
2025-07-16 17:53:21,856 - assessment - INFO - [CACHE] Loaded questionnaire first section: 'Applicability of the PDPPL'
2025-07-16 17:53:21,857 - views - INFO - [render_assessment] Session selected_country: India
2025-07-16 17:53:21,857 - views - INFO - [render_assessment] Session selected_industry: Banking and finance
2025-07-16 17:53:21,858 - views - INFO - [render_assessment] Mapped industry_for_loader: Banking and finance
2025-07-16 17:53:21,858 - views - INFO - [render_assessment] Using regulation: DPDP for country: India
2025-07-16 17:53:21,858 - views - INFO - [render_assessment] Loaded questionnaire for regulation: DPDP, industry: Banking and finance
2025-07-16 17:53:24,835 - __main__ - INFO - Application started - Logging initialized
2025-07-16 17:53:24,980 - __main__ - INFO - Application started - Logging initialized
2025-07-16 17:53:25,014 - assessment - INFO - [CALC] calculate_compliance_score CALLED with regulation_code='PDPPL', industry_code='General'
2025-07-16 17:53:25,015 - assessment - INFO - [CALC] Using passed parameters: regulation='PDPPL', industry='General'
2025-07-16 17:53:25,016 - assessment - INFO - [CALC] About to call get_questionnaire('PDPPL', 'General')
2025-07-16 17:53:25,017 - assessment - INFO - [CALC] Loaded questionnaire has 10 sections for PDPPL/General
2025-07-16 17:53:25,017 - assessment - INFO - [CALC] First 3 section names: ['Applicability of the PDPPL', 'Principles of Data Privacy', 'Permitted Reasons']
2025-07-16 17:53:25,018 - assessment - INFO - [CALC] ALL SECTION NAMES: ['Applicability of the PDPPL', 'Principles of Data Privacy', 'Permitted Reasons', 'Special Nature Processing & Security', "Individuals' Rights & Complaints", 'Governance & Training Awareness', 'Data Privacy Impact Assessment (DPIA) & Privacy by Design', 'Cross Border Data Flows & Third Party Agreements', 'Data Breaches', "Children's Websites"]
2025-07-16 17:53:25,018 - assessment - ERROR - [CALC] CRITICAL ERROR: Loading PDPPL questionnaire when expecting PDPPL!
2025-07-16 17:53:25,018 - assessment - INFO - [CALC] Answer points dictionary has 10 entries
2025-07-16 17:53:25,018 - assessment - INFO - Answer points dictionary has 10 entries
2025-07-16 17:53:25,018 - assessment - WARNING - Response 'Yes, Notices are provided in English and all 22 official Indian languages listed in the Eighth Schedule of the Constitution.' not found in answer_points
2025-07-16 17:53:25,020 - assessment - WARNING - Response 'Partially, but needs more detail: The notice includes some itemization and purpose descriptions, but lacks clarity or completeness.' not found in answer_points
2025-07-16 17:53:25,020 - assessment - WARNING - Response 'Partially, but consent mechanisms need improvement: Consent is obtained, but the process could be clearer or more explicit.' not found in answer_points
2025-07-16 17:53:25,020 - assessment - WARNING - Response 'Partially, but some processing may exceed specified purposes: While efforts are made to limit processing to specified purposes, there may be instances where data is used beyond those purposes.' not found in answer_points
2025-07-16 17:53:25,020 - assessment - WARNING - Response 'Yes, with clear verification processes: The organization has established procedures to verify that data is provided voluntarily for specific purposes where consent exemptions apply, ensuring compliance with DPDP Act requirements.' not found in answer_points
2025-07-16 17:53:25,021 - assessment - INFO - Processing scores for 10 sections
2025-07-16 17:53:25,021 - assessment - INFO - Found responses for section indices: [0]
2025-07-16 17:53:25,021 - assessment - INFO - ===== Calculating score for section: Applicability of the PDPPL =====
2025-07-16 17:53:25,021 - assessment - INFO - Question 1: Response = 'Yes, Notices are provided in English and all 22 official Indian languages listed in the Eighth Schedule of the Constitution.'
2025-07-16 17:53:25,022 - assessment - WARNING - No points assigned for response: 'Yes, Notices are provided in English and all 22 official Indian languages listed in the Eighth Schedule of the Constitution.'
2025-07-16 17:53:25,023 - assessment - INFO - Section 'Applicability of the PDPPL' has all full compliance responses - should have perfect score
2025-07-16 17:53:25,024 - assessment - INFO - Correcting Applicability of the PDPPL score from 0.0 to 1.0 based on full compliance pattern
2025-07-16 17:53:25,024 - assessment - INFO - Section Applicability of the PDPPL score: BEFORE=0.0%, AFTER=100.0% (Corrected)
2025-07-16 17:53:25,024 - assessment - INFO - Section Applicability of the PDPPL: total_points=0.0, max_points=1
2025-07-16 17:53:25,024 - assessment - INFO - ===== Calculating score for section: Principles of Data Privacy =====
2025-07-16 17:53:25,026 - assessment - INFO - Question 1: No response provided
2025-07-16 17:53:25,027 - assessment - INFO - Question 2: No response provided
2025-07-16 17:53:25,028 - assessment - WARNING - Empty responses for section Principles of Data Privacy, using raw score None
2025-07-16 17:53:25,028 - assessment - INFO - Section Principles of Data Privacy score: AFTER=0.0% (Raw score was None)
2025-07-16 17:53:25,028 - assessment - INFO - Section Principles of Data Privacy: No responses, score set to None
2025-07-16 17:53:25,030 - assessment - INFO - Section Principles of Data Privacy: total_points=0.0, max_points=2
2025-07-16 17:53:25,030 - assessment - INFO - ===== Calculating score for section: Permitted Reasons =====
2025-07-16 17:53:25,030 - assessment - INFO - Question 1: No response provided
2025-07-16 17:53:25,030 - assessment - INFO - Question 2: No response provided
2025-07-16 17:53:25,030 - assessment - INFO - Question 3: No response provided
2025-07-16 17:53:25,031 - assessment - WARNING - Empty responses for section Permitted Reasons, using raw score None
2025-07-16 17:53:25,031 - assessment - INFO - Section Permitted Reasons score: AFTER=0.0% (Raw score was None)
2025-07-16 17:53:25,031 - assessment - INFO - Section Permitted Reasons: No responses, score set to None
2025-07-16 17:53:25,031 - assessment - INFO - Section Permitted Reasons: total_points=0.0, max_points=3
2025-07-16 17:53:25,031 - assessment - INFO - ===== Calculating score for section: Special Nature Processing & Security =====
2025-07-16 17:53:25,032 - assessment - INFO - Question 1: No response provided
2025-07-16 17:53:25,033 - assessment - INFO - Question 2: No response provided
2025-07-16 17:53:25,033 - assessment - WARNING - Empty responses for section Special Nature Processing & Security, using raw score None
2025-07-16 17:53:25,033 - assessment - INFO - Section Special Nature Processing & Security score: AFTER=0.0% (Raw score was None)
2025-07-16 17:53:25,033 - assessment - INFO - Section Special Nature Processing & Security: No responses, score set to None
2025-07-16 17:53:25,033 - assessment - INFO - Section Special Nature Processing & Security: total_points=0.0, max_points=2
2025-07-16 17:53:25,034 - assessment - INFO - ===== Calculating score for section: Individuals' Rights & Complaints =====
2025-07-16 17:53:25,034 - assessment - INFO - Question 1: No response provided
2025-07-16 17:53:25,034 - assessment - INFO - Question 2: No response provided
2025-07-16 17:53:25,036 - assessment - WARNING - Empty responses for section Individuals' Rights & Complaints, using raw score None
2025-07-16 17:53:25,036 - assessment - INFO - Section Individuals' Rights & Complaints score: AFTER=0.0% (Raw score was None)
2025-07-16 17:53:25,036 - assessment - INFO - Section Individuals' Rights & Complaints: No responses, score set to None
2025-07-16 17:53:25,036 - assessment - INFO - Section Individuals' Rights & Complaints: total_points=0.0, max_points=2
2025-07-16 17:53:25,038 - assessment - INFO - ===== Calculating score for section: Governance & Training Awareness =====
2025-07-16 17:53:25,040 - assessment - INFO - Question 1: No response provided
2025-07-16 17:53:25,040 - assessment - INFO - Question 2: No response provided
2025-07-16 17:53:25,040 - assessment - INFO - Question 3: No response provided
2025-07-16 17:53:25,040 - assessment - WARNING - Empty responses for section Governance & Training Awareness, using raw score None
2025-07-16 17:53:25,040 - assessment - INFO - Section Governance & Training Awareness score: AFTER=0.0% (Raw score was None)
2025-07-16 17:53:25,042 - assessment - INFO - Section Governance & Training Awareness: No responses, score set to None
2025-07-16 17:53:25,042 - assessment - INFO - Section Governance & Training Awareness: total_points=0.0, max_points=3
2025-07-16 17:53:25,042 - assessment - INFO - ===== Calculating score for section: Data Privacy Impact Assessment (DPIA) & Privacy by Design =====
2025-07-16 17:53:25,042 - assessment - INFO - Question 1: No response provided
2025-07-16 17:53:25,042 - assessment - INFO - Question 2: No response provided
2025-07-16 17:53:25,042 - assessment - WARNING - Empty responses for section Data Privacy Impact Assessment (DPIA) & Privacy by Design, using raw score None
2025-07-16 17:53:25,042 - assessment - INFO - Section Data Privacy Impact Assessment (DPIA) & Privacy by Design score: AFTER=0.0% (Raw score was None)
2025-07-16 17:53:25,043 - assessment - INFO - Section Data Privacy Impact Assessment (DPIA) & Privacy by Design: No responses, score set to None
2025-07-16 17:53:25,043 - assessment - INFO - Section Data Privacy Impact Assessment (DPIA) & Privacy by Design: total_points=0.0, max_points=2
2025-07-16 17:53:25,043 - assessment - INFO - ===== Calculating score for section: Cross Border Data Flows & Third Party Agreements =====
2025-07-16 17:53:25,044 - assessment - INFO - Question 1: No response provided
2025-07-16 17:53:25,044 - assessment - INFO - Question 2: No response provided
2025-07-16 17:53:25,044 - assessment - WARNING - Empty responses for section Cross Border Data Flows & Third Party Agreements, using raw score None
2025-07-16 17:53:25,044 - assessment - INFO - Section Cross Border Data Flows & Third Party Agreements score: AFTER=0.0% (Raw score was None)
2025-07-16 17:53:25,044 - assessment - INFO - Section Cross Border Data Flows & Third Party Agreements: No responses, score set to None
2025-07-16 17:53:25,045 - assessment - INFO - Section Cross Border Data Flows & Third Party Agreements: total_points=0.0, max_points=2
2025-07-16 17:53:25,045 - assessment - INFO - ===== Calculating score for section: Data Breaches =====
2025-07-16 17:53:25,045 - assessment - INFO - Question 1: No response provided
2025-07-16 17:53:25,045 - assessment - WARNING - Empty responses for section Data Breaches, using raw score None
2025-07-16 17:53:25,045 - assessment - INFO - Section Data Breaches score: AFTER=0.0% (Raw score was None)
2025-07-16 17:53:25,046 - assessment - INFO - Section Data Breaches: No responses, score set to None
2025-07-16 17:53:25,046 - assessment - INFO - Section Data Breaches: total_points=0.0, max_points=1
2025-07-16 17:53:25,046 - assessment - INFO - ===== Calculating score for section: Children's Websites =====
2025-07-16 17:53:25,046 - assessment - INFO - Question 1: No response provided
2025-07-16 17:53:25,046 - assessment - WARNING - Empty responses for section Children's Websites, using raw score None
2025-07-16 17:53:25,046 - assessment - INFO - Section Children's Websites score: AFTER=0.0% (Raw score was None)
2025-07-16 17:53:25,046 - assessment - INFO - Section Children's Websites: No responses, score set to None
2025-07-16 17:53:25,047 - assessment - INFO - Section Children's Websites: total_points=0.0, max_points=1
2025-07-16 17:53:25,047 - assessment - INFO - Verifying all sections have scores...
2025-07-16 17:53:25,047 - assessment - INFO - Calculated section scores: {'Applicability of the PDPPL': 1.0, 'Principles of Data Privacy': None, 'Permitted Reasons': None, 'Special Nature Processing & Security': None, "Individuals' Rights & Complaints": None, 'Governance & Training Awareness': None, 'Data Privacy Impact Assessment (DPIA) & Privacy by Design': None, 'Cross Border Data Flows & Third Party Agreements': None, 'Data Breaches': None, "Children's Websites": None}
2025-07-16 17:53:25,047 - assessment - INFO - ===== Calculating weighted overall score =====
2025-07-16 17:53:25,047 - assessment - INFO - Section Applicability of the PDPPL: score=1.00, weight=0.06, contribution=0.06
2025-07-16 17:53:25,047 - assessment - INFO - Section Principles of Data Privacy: SKIPPED (no score)
2025-07-16 17:53:25,048 - assessment - INFO - Section Permitted Reasons: SKIPPED (no score)
2025-07-16 17:53:25,048 - assessment - INFO - Section Special Nature Processing & Security: SKIPPED (no score)
2025-07-16 17:53:25,049 - assessment - INFO - Section Individuals' Rights & Complaints: SKIPPED (no score)
2025-07-16 17:53:25,049 - assessment - INFO - Section Governance & Training Awareness: SKIPPED (no score)
2025-07-16 17:53:25,049 - assessment - INFO - Section Data Privacy Impact Assessment (DPIA) & Privacy by Design: SKIPPED (no score)
2025-07-16 17:53:25,050 - assessment - INFO - Section Cross Border Data Flows & Third Party Agreements: SKIPPED (no score)
2025-07-16 17:53:25,050 - assessment - INFO - Section Data Breaches: SKIPPED (no score)
2025-07-16 17:53:25,050 - assessment - INFO - Section Children's Websites: SKIPPED (no score)
2025-07-16 17:53:25,051 - assessment - INFO - Total weighted score: 0.06, Total weight: 0.06
2025-07-16 17:53:25,051 - assessment - INFO - Overall score calculation: (0.06 / total_weight) * 100 = 100.00%
2025-07-16 17:53:26,560 - __main__ - INFO - Application started - Logging initialized
2025-07-16 17:53:26,706 - __main__ - INFO - Application started - Logging initialized
2025-07-16 17:53:27,395 - __main__ - INFO - Application started - Logging initialized
2025-07-16 17:53:27,540 - __main__ - INFO - Application started - Logging initialized
2025-07-16 17:53:27,995 - __main__ - INFO - Application started - Logging initialized
2025-07-16 17:53:28,136 - __main__ - INFO - Application started - Logging initialized
2025-07-16 17:53:28,690 - __main__ - INFO - Application started - Logging initialized
2025-07-16 17:53:28,846 - __main__ - INFO - Application started - Logging initialized
2025-07-16 17:53:29,394 - __main__ - INFO - Application started - Logging initialized
2025-07-16 17:53:29,541 - __main__ - INFO - Application started - Logging initialized
2025-07-16 17:53:30,065 - __main__ - INFO - Application started - Logging initialized
2025-07-16 17:53:30,209 - __main__ - INFO - Application started - Logging initialized
2025-07-16 17:53:30,727 - __main__ - INFO - Application started - Logging initialized
2025-07-16 17:53:30,880 - __main__ - INFO - Application started - Logging initialized
2025-07-16 17:53:31,293 - __main__ - INFO - Application started - Logging initialized
2025-07-16 17:53:31,445 - __main__ - INFO - Application started - Logging initialized
2025-07-16 17:53:32,480 - __main__ - INFO - Application started - Logging initialized
2025-07-16 17:53:32,620 - __main__ - INFO - Application started - Logging initialized
2025-07-16 17:53:34,342 - __main__ - INFO - Application started - Logging initialized
2025-07-16 17:53:34,525 - __main__ - INFO - Application started - Logging initialized
2025-07-16 17:53:35,218 - __main__ - INFO - Application started - Logging initialized
2025-07-16 17:53:35,388 - __main__ - INFO - Application started - Logging initialized
2025-07-16 17:53:35,974 - __main__ - INFO - Application started - Logging initialized
2025-07-16 17:53:36,132 - __main__ - INFO - Application started - Logging initialized
2025-07-16 17:53:37,143 - __main__ - INFO - Application started - Logging initialized
2025-07-16 17:53:37,278 - __main__ - INFO - Application started - Logging initialized
2025-07-16 17:53:37,822 - __main__ - INFO - Application started - Logging initialized
2025-07-16 17:53:37,956 - __main__ - INFO - Application started - Logging initialized
2025-07-16 17:53:38,419 - __main__ - INFO - Application started - Logging initialized
2025-07-16 17:53:38,585 - __main__ - INFO - Application started - Logging initialized
2025-07-16 17:53:39,076 - __main__ - INFO - Application started - Logging initialized
2025-07-16 17:53:39,240 - __main__ - INFO - Application started - Logging initialized
2025-07-16 17:53:40,279 - __main__ - INFO - Application started - Logging initialized
2025-07-16 17:53:40,433 - __main__ - INFO - Application started - Logging initialized
2025-07-16 17:53:40,947 - __main__ - INFO - Application started - Logging initialized
2025-07-16 17:53:41,101 - __main__ - INFO - Application started - Logging initialized
2025-07-16 17:53:41,599 - __main__ - INFO - Application started - Logging initialized
2025-07-16 17:53:41,775 - __main__ - INFO - Application started - Logging initialized
2025-07-16 17:53:42,210 - __main__ - INFO - Application started - Logging initialized
2025-07-16 17:53:42,401 - __main__ - INFO - Application started - Logging initialized
2025-07-16 17:53:42,900 - __main__ - INFO - Application started - Logging initialized
2025-07-16 17:53:43,078 - __main__ - INFO - Application started - Logging initialized
2025-07-16 17:53:43,683 - __main__ - INFO - Application started - Logging initialized
2025-07-16 17:53:43,869 - __main__ - INFO - Application started - Logging initialized
2025-07-16 17:53:44,416 - __main__ - INFO - Application started - Logging initialized
2025-07-16 17:53:44,617 - __main__ - INFO - Application started - Logging initialized
2025-07-16 17:53:45,052 - __main__ - INFO - Application started - Logging initialized
2025-07-16 17:53:45,342 - __main__ - INFO - Application started - Logging initialized
2025-07-16 17:53:46,696 - __main__ - INFO - Application started - Logging initialized
2025-07-16 17:53:46,761 - assessment - INFO - [CALC] calculate_compliance_score CALLED with regulation_code='DPDP', industry_code='Banking and finance'
2025-07-16 17:53:46,762 - assessment - INFO - [CALC] Using passed parameters: regulation='DPDP', industry='Banking and finance'
2025-07-16 17:53:46,762 - assessment - INFO - [CALC] About to call get_questionnaire('DPDP', 'Banking and finance')
2025-07-16 17:53:46,762 - assessment - INFO - [CALC] Loaded questionnaire has 13 sections for DPDP/Banking and finance
2025-07-16 17:53:46,764 - assessment - INFO - [CALC] First 3 section names: ['Data Collection and Processing', 'Data Principal Rights', 'Data Security Measures']
2025-07-16 17:53:46,764 - assessment - INFO - [CALC] ALL SECTION NAMES: ['Data Collection and Processing', 'Data Principal Rights', 'Data Security Measures', 'Data Breach Notification', 'Data Retention and Erasure', 'Data Accuracy and Completeness', "Children's Data Protection", 'Third-Party Processing', 'Cross-Border Data Transfers', 'Significant Data Fiduciary Obligations', 'Grievance Redressal', 'Exemptions', 'Documentation and Compliance']
2025-07-16 17:53:46,764 - assessment - WARNING - [CALC] UNKNOWN: Questionnaire type unclear for DPDP
2025-07-16 17:53:46,765 - assessment - INFO - [CALC] Answer points dictionary has 175 entries
2025-07-16 17:53:46,765 - assessment - INFO - Answer points dictionary has 175 entries
2025-07-16 17:53:46,767 - assessment - WARNING - Response 'Yes, Notices are provided in English and all 22 official Indian languages listed in the Eighth Schedule of the Constitution.' not found in answer_points
2025-07-16 17:53:46,767 - assessment - WARNING - Response 'Yes, with robust measures: The organization has implemented comprehensive technical and organizational measures to ensure the effectiveness of the grievance redressal system, including dedicated channels for submitting grievances, clear timelines for resolution, and a robust monitoring system to analyze performance and identify trends.' not found in answer_points
2025-07-16 17:53:46,768 - assessment - INFO - Processing scores for 13 sections
2025-07-16 17:53:46,768 - assessment - INFO - Found responses for section indices: [0, 1, 2, 3, 4, 5, 6, 7, 8, 9, 10, 11, 12]
2025-07-16 17:53:46,769 - assessment - INFO - ===== Calculating score for section: Data Collection and Processing =====
2025-07-16 17:53:46,769 - assessment - INFO - Question 1: Response = 'Yes, Notices are provided in English and all 22 official Indian languages listed in the Eighth Schedule of the Constitution.'
2025-07-16 17:53:46,769 - assessment - INFO - Question 1: Points = 1.0 (partial match)
2025-07-16 17:53:46,770 - assessment - INFO - Question 2: Response = 'Partially, but needs more detail: The notice includes some itemization and purpose descriptions, but lacks clarity or completeness.'
2025-07-16 17:53:46,770 - assessment - INFO - Question 2: Points = 0.5
2025-07-16 17:53:46,770 - assessment - INFO - Question 2: Adding 0.5 points, running total = 0.5/2
2025-07-16 17:53:46,771 - assessment - INFO - Question 3: Response = 'Partially, but consent mechanisms need improvement: Consent is obtained, but the process could be clearer or more explicit.'
2025-07-16 17:53:46,771 - assessment - INFO - Question 3: Points = 0.5
2025-07-16 17:53:46,772 - assessment - INFO - Question 3: Adding 0.5 points, running total = 1.0/3
2025-07-16 17:53:46,773 - assessment - INFO - Question 4: Response = 'Partially, but some processing may exceed specified purposes: While efforts are made to limit processing to specified purposes, there may be instances where data is used beyond those purposes.'
2025-07-16 17:53:46,775 - assessment - INFO - Question 4: Points = 0.5
2025-07-16 17:53:46,776 - assessment - INFO - Question 4: Adding 0.5 points, running total = 1.5/4
2025-07-16 17:53:46,777 - assessment - INFO - Question 5: Response = 'Yes, with clear verification processes: The organization has established procedures to verify that data is provided voluntarily for specific purposes where consent exemptions apply, ensuring compliance with DPDP Act requirements.'
2025-07-16 17:53:46,777 - assessment - INFO - Question 5: Points = 1.0
2025-07-16 17:53:46,778 - assessment - INFO - Question 5: Adding 1.0 points, running total = 2.5/5
2025-07-16 17:53:46,778 - assessment - INFO - Section Data Collection and Processing score: BEFORE=50.0%, AFTER=50.0% (Corrected)
2025-07-16 17:53:46,779 - assessment - INFO - Section Data Collection and Processing: total_points=2.5, max_points=5
2025-07-16 17:53:46,779 - assessment - INFO - ===== Calculating score for section: Data Principal Rights =====
2025-07-16 17:53:46,781 - assessment - INFO - Question 1: Response = 'No, communication channels are lacking or complex: The organization does not have established or accessible channels for data principals to exercise their rights.'
2025-07-16 17:53:46,781 - assessment - INFO - Question 1: Points = 0.0
2025-07-16 17:53:46,783 - assessment - INFO - Question 1: Adding 0.0 points, running total = 0.0/1
2025-07-16 17:53:46,786 - assessment - INFO - Question 2: Response = 'No, we lack a dedicated feature for submitting requests: The organization does not have a specific feature or web form for customers to submit requests related to their data rights.'
2025-07-16 17:53:46,788 - assessment - INFO - Question 2: Points = 0.0
2025-07-16 17:53:46,789 - assessment - INFO - Question 2: Adding 0.0 points, running total = 0.0/2
2025-07-16 17:53:46,790 - assessment - INFO - Question 3: Response = 'Partially, but response times can be inconsistent: While some processes exist, response times may vary and not always meet the required deadlines.'
2025-07-16 17:53:46,791 - assessment - INFO - Question 3: Points = 0.5
2025-07-16 17:53:46,791 - assessment - INFO - Question 3: Adding 0.5 points, running total = 0.5/3
2025-07-16 17:53:46,792 - assessment - INFO - Question 4: Response = 'Not applicable: This option might apply if your organization does not handle personal data or if such grievances are not relevant to your operations.'
2025-07-16 17:53:46,792 - assessment - INFO - Question 4: Points = None
2025-07-16 17:53:46,792 - assessment - INFO - Question 5: Response = 'Yes, with clear nomination procedures: The organization provides a straightforward process for data principals to nominate representatives to exercise their rights, especially in cases of incapacity or death.'
2025-07-16 17:53:46,793 - assessment - INFO - Question 5: Points = 1.0
2025-07-16 17:53:46,793 - assessment - INFO - Question 5: Adding 1.0 points, running total = 1.5/5
2025-07-16 17:53:46,793 - assessment - INFO - Section Data Principal Rights score: BEFORE=30.0%, AFTER=30.0% (Corrected)
2025-07-16 17:53:46,793 - assessment - INFO - Section Data Principal Rights: total_points=1.5, max_points=5
2025-07-16 17:53:46,795 - assessment - INFO - ===== Calculating score for section: Data Security Measures =====
2025-07-16 17:53:46,795 - assessment - INFO - Question 1: Response = 'Partially, but some measures need enhancement: While some data security measures are in place, they may not cover all necessary techniques or could be improved for better protection.'
2025-07-16 17:53:46,796 - assessment - INFO - Question 1: Points = 0.5
2025-07-16 17:53:46,797 - assessment - INFO - Question 1: Adding 0.5 points, running total = 0.5/1
2025-07-16 17:53:46,799 - assessment - INFO - Question 2: Response = 'Not applicable: This option might apply if your organization does not handle personal data or if such controls are not relevant to your operations.'
2025-07-16 17:53:46,799 - assessment - INFO - Question 2: Points = None
2025-07-16 17:53:46,800 - assessment - INFO - Question 3: Response = 'No, we lack adequate logging and monitoring systems: The organization does not have sufficient logging, monitoring, and review systems in place to detect unauthorized access.'
2025-07-16 17:53:46,801 - assessment - INFO - Question 3: Points = 0.0
2025-07-16 17:53:46,804 - assessment - INFO - Question 3: Adding 0.0 points, running total = 0.5/3
2025-07-16 17:53:46,806 - assessment - INFO - Question 4: Response = 'Partially, but backup and recovery processes need improvement: While some measures exist, they may not be fully reliable or comprehensive in case of data compromise.'
2025-07-16 17:53:46,806 - assessment - INFO - Question 4: Points = 0.5
2025-07-16 17:53:46,806 - assessment - INFO - Question 4: Adding 0.5 points, running total = 1.0/4
2025-07-16 17:53:46,808 - assessment - INFO - Question 5: Response = 'No, we do not retain logs and data for the required period: The organization does not retain logs and personal data for at least one year, which could hinder the detection and investigation of unauthorized access.'
2025-07-16 17:53:46,808 - assessment - INFO - Question 5: Points = 0.0
2025-07-16 17:53:46,808 - assessment - INFO - Question 5: Adding 0.0 points, running total = 1.0/5
2025-07-16 17:53:46,808 - assessment - INFO - Section Data Security Measures score: BEFORE=20.0%, AFTER=20.0% (Corrected)
2025-07-16 17:53:46,809 - assessment - INFO - Section Data Security Measures: total_points=1.0, max_points=5
2025-07-16 17:53:46,810 - assessment - INFO - ===== Calculating score for section: Data Breach Notification =====
2025-07-16 17:53:46,812 - assessment - INFO - Question 1: Response = 'Partially, but notification procedures need improvement: While some procedures exist, they may not ensure timely notification to all affected data principals.'
2025-07-16 17:53:46,812 - assessment - INFO - Question 1: Points = 0.5
2025-07-16 17:53:46,812 - assessment - INFO - Question 1: Adding 0.5 points, running total = 0.5/1
2025-07-16 17:53:46,813 - assessment - INFO - Question 2: Response = 'No, the notification lacks essential details: The breach notification does not include a description of the breach, its consequences, mitigation measures, or safety measures for data principals.'
2025-07-16 17:53:46,813 - assessment - INFO - Question 2: Points = 0.0
2025-07-16 17:53:46,813 - assessment - INFO - Question 2: Adding 0.0 points, running total = 0.5/2
2025-07-16 17:53:46,814 - assessment - INFO - Question 3: Response = 'No, we lack procedures for timely breach notification to the Board: The organization does not have specific procedures in place to notify the Data Protection Board within the required timeframe.'
2025-07-16 17:53:46,814 - assessment - INFO - Question 3: Points = 0.0
2025-07-16 17:53:46,814 - assessment - INFO - Question 3: Adding 0.0 points, running total = 0.5/3
2025-07-16 17:53:46,815 - assessment - INFO - Section Data Breach Notification score: BEFORE=16.7%, AFTER=16.7% (Corrected)
2025-07-16 17:53:46,816 - assessment - INFO - Section Data Breach Notification: total_points=0.5, max_points=3
2025-07-16 17:53:46,817 - assessment - INFO - ===== Calculating score for section: Data Retention and Erasure =====
2025-07-16 17:53:46,818 - assessment - INFO - Question 1: Response = 'Partially, but erasure processes need improvement: While some processes exist, they may not be fully automated or could be more efficient to ensure timely erasure.'
2025-07-16 17:53:46,818 - assessment - INFO - Question 1: Points = 0.5
2025-07-16 17:53:46,819 - assessment - INFO - Question 1: Adding 0.5 points, running total = 0.5/1
2025-07-16 17:53:46,819 - assessment - INFO - Question 2: Response = 'Yes, with automated processes for data erasure: The organization has implemented automated processes to erase personal data when it is no longer necessary for the specified purpose or when the customer has not approached for data processing within the prescribed time period.'
2025-07-16 17:53:46,821 - assessment - INFO - Question 2: Points = 1.0
2025-07-16 17:53:46,821 - assessment - INFO - Question 2: Adding 1.0 points, running total = 1.5/2
2025-07-16 17:53:46,822 - assessment - INFO - Question 3: Response = 'Partially, but notice period may vary: While some form of notice is provided, it may not consistently meet the 48-hour requirement.'
2025-07-16 17:53:46,824 - assessment - INFO - Question 3: Points = 0.5
2025-07-16 17:53:46,824 - assessment - INFO - Question 3: Adding 0.5 points, running total = 2.0/3
2025-07-16 17:53:46,824 - assessment - INFO - Question 4: Response = 'Partially, but erasure standards need improvement: While some secure erasure methods are in place, they may not fully align with recognized standards or could be more efficient.'
2025-07-16 17:53:46,825 - assessment - INFO - Question 4: Points = 0.5
2025-07-16 17:53:46,825 - assessment - INFO - Question 4: Adding 0.5 points, running total = 2.5/4
2025-07-16 17:53:46,825 - assessment - INFO - Section Data Retention and Erasure score: BEFORE=62.5%, AFTER=62.5% (Corrected)
2025-07-16 17:53:46,825 - assessment - INFO - Section Data Retention and Erasure: total_points=2.5, max_points=4
2025-07-16 17:53:46,826 - assessment - INFO - ===== Calculating score for section: Data Accuracy and Completeness =====
2025-07-16 17:53:46,826 - assessment - INFO - Question 1: Response = 'Partially: We have some measures in place to ensure data quality, but our processes need improvement to fully guarantee completeness, accuracy, and consistency.'
2025-07-16 17:53:46,826 - assessment - INFO - Question 1: Points = 0.5
2025-07-16 17:53:46,826 - assessment - INFO - Question 1: Adding 0.5 points, running total = 0.5/1
2025-07-16 17:53:46,828 - assessment - INFO - Question 2: Response = 'Yes, with comprehensive audit logging: The organization has implemented robust audit logs that track all database modifications, including details such as the user, timestamp, type of operation (insert, update, delete), and affected records. These logs are designed to ensure traceability and compliance with security standards.'
2025-07-16 17:53:46,828 - assessment - INFO - Question 2: Points = 1.0
2025-07-16 17:53:46,828 - assessment - INFO - Question 2: Adding 1.0 points, running total = 1.5/2
2025-07-16 17:53:46,828 - assessment - INFO - Section 'Data Accuracy and Completeness' has all full compliance responses - should have perfect score
2025-07-16 17:53:46,829 - assessment - INFO - Correcting Data Accuracy and Completeness score from 0.75 to 1.0 based on full compliance pattern
2025-07-16 17:53:46,829 - assessment - INFO - Section Data Accuracy and Completeness score: BEFORE=75.0%, AFTER=100.0% (Corrected)
2025-07-16 17:53:46,829 - assessment - INFO - Section Data Accuracy and Completeness: total_points=1.5, max_points=2
2025-07-16 17:53:46,830 - assessment - INFO - ===== Calculating score for section: Children's Data Protection =====
2025-07-16 17:53:46,830 - assessment - INFO - Question 1: Response = 'Partially, but consent mechanisms need improvement: While some mechanisms exist, they may not fully ensure that parental consent is verifiable or that it meets all legal standards for processing children's data.'
2025-07-16 17:53:46,831 - assessment - INFO - Question 1: Points = 0.5
2025-07-16 17:53:46,831 - assessment - INFO - Question 1: Adding 0.5 points, running total = 0.5/1
2025-07-16 17:53:46,831 - assessment - INFO - Question 2: Response = 'No, we lack technical measures for verification: The organization does not have specific technical measures in place to verify the identity and age of parents.'
2025-07-16 17:53:46,832 - assessment - INFO - Question 2: Points = 0.0
2025-07-16 17:53:46,832 - assessment - INFO - Question 2: Adding 0.0 points, running total = 0.5/2
2025-07-16 17:53:46,832 - assessment - INFO - Question 3: Response = 'Yes, we qualify for exemptions: The organization falls under categories exempted from obtaining verifiable parental consent for processing children's data, such as educational institutions, healthcare providers, or childcare services, provided that the processing is for specific purposes like education, health services, or child safety.'
2025-07-16 17:53:46,833 - assessment - INFO - Question 3: Points = 1.0
2025-07-16 17:53:46,834 - assessment - INFO - Question 3: Adding 1.0 points, running total = 1.5/3
2025-07-16 17:53:46,834 - assessment - INFO - Section Children's Data Protection score: BEFORE=50.0%, AFTER=50.0% (Corrected)
2025-07-16 17:53:46,834 - assessment - INFO - Section Children's Data Protection: total_points=1.5, max_points=3
2025-07-16 17:53:46,836 - assessment - INFO - ===== Calculating score for section: Third-Party Processing =====
2025-07-16 17:53:46,837 - assessment - INFO - Question 1: Response = 'Not applicable: This option might apply if your organization does not engage third-party processors or if such contracts are not relevant to your operations.'
2025-07-16 17:53:46,837 - assessment - INFO - Question 1: Points = None
2025-07-16 17:53:46,838 - assessment - INFO - Question 2: Response = 'Not applicable: This option might apply if your organization does not engage data processors or if such provisions are not relevant to your operations.'
2025-07-16 17:53:46,840 - assessment - INFO - Question 2: Points = None
2025-07-16 17:53:46,841 - assessment - INFO - Section Third-Party Processing score: BEFORE=0.0%, AFTER=0.0% (Corrected)
2025-07-16 17:53:46,842 - assessment - INFO - Section Third-Party Processing: total_points=0.0, max_points=2
2025-07-16 17:53:46,842 - assessment - INFO - ===== Calculating score for section: Cross-Border Data Transfers =====
2025-07-16 17:53:46,843 - assessment - INFO - Question 1: Response = 'Not applicable: This option might apply if your organization does not handle data subject to RBI or IRDAI regulations, such as payment system data or insurance records.'
2025-07-16 17:53:46,843 - assessment - INFO - Question 1: Points = None
2025-07-16 17:53:46,843 - assessment - INFO - Question 2: Response = 'No, we do not comply with data localization requirements: The organization does not adhere to the requirement to keep specified personal data and traffic data within India, which could lead to regulatory issues.'
2025-07-16 17:53:46,843 - assessment - INFO - Question 2: Points = 0.0
2025-07-16 17:53:46,844 - assessment - INFO - Question 2: Adding 0.0 points, running total = 0.0/2
2025-07-16 17:53:46,844 - assessment - INFO - Question 3: Response = 'Yes, with full compliance: The organization fully complies with the Central Government's requirements for making personal data available to foreign entities, adhering to any restrictions or conditions set forth by the government regarding cross-border data transfers.'
2025-07-16 17:53:46,844 - assessment - INFO - Question 3: Points = 1.0
2025-07-16 17:53:46,844 - assessment - INFO - Question 3: Adding 1.0 points, running total = 1.0/3
2025-07-16 17:53:46,845 - assessment - INFO - Section Cross-Border Data Transfers score: BEFORE=33.3%, AFTER=33.3% (Corrected)
2025-07-16 17:53:46,845 - assessment - INFO - Section Cross-Border Data Transfers: total_points=1.0, max_points=3
2025-07-16 17:53:46,845 - assessment - INFO - ===== Calculating score for section: Significant Data Fiduciary Obligations =====
2025-07-16 17:53:46,846 - assessment - INFO - Question 1: Response = 'Not applicable: This option might apply if your organization is not classified as a Significant Data Fiduciary or if such requirements do not apply to your operations.'
2025-07-16 17:53:46,846 - assessment - INFO - Question 1: Points = None
2025-07-16 17:53:46,846 - assessment - INFO - Question 2: Response = 'Yes, with regular submissions: The organization submits reports containing significant observations from Data Protection Impact Assessments (DPIAs) and audits to the Data Protection Board as required, ensuring transparency and compliance with regulatory obligations.'
2025-07-16 17:53:46,846 - assessment - INFO - Question 2: Points = 1.0
2025-07-16 17:53:46,848 - assessment - INFO - Question 2: Adding 1.0 points, running total = 1.0/2
2025-07-16 17:53:46,848 - assessment - INFO - Question 3: Response = 'Partially, but due diligence needs improvement: While some due diligence measures are in place, they may not fully ensure that algorithmic software is risk-free for data principals, requiring further enhancements to meet regulatory standards.'
2025-07-16 17:53:46,849 - assessment - INFO - Question 3: Points = 0.5
2025-07-16 17:53:46,849 - assessment - INFO - Question 3: Adding 0.5 points, running total = 1.5/3
2025-07-16 17:53:46,850 - assessment - INFO - Section Significant Data Fiduciary Obligations score: BEFORE=50.0%, AFTER=50.0% (Corrected)
2025-07-16 17:53:46,850 - assessment - INFO - Section Significant Data Fiduciary Obligations: total_points=1.5, max_points=3
2025-07-16 17:53:46,850 - assessment - INFO - ===== Calculating score for section: Grievance Redressal =====
2025-07-16 17:53:46,851 - assessment - INFO - Question 1: Response = 'Partially, but the mechanism needs improvement: While some grievance redressal processes exist, they may not fully meet the requirements of being readily available or effective in resolving data principals' complaints, requiring further enhancements.'
2025-07-16 17:53:46,852 - assessment - INFO - Question 1: Points = 0.5
2025-07-16 17:53:46,852 - assessment - INFO - Question 1: Adding 0.5 points, running total = 0.5/1
2025-07-16 17:53:46,852 - assessment - INFO - Question 2: Response = 'No, we have not published the timeframe: The organization has not published the timeframe for responding to grievances on its website or app, which could lead to non-compliance with the DPDP Act's transparency requirements.'
2025-07-16 17:53:46,854 - assessment - INFO - Question 2: Points = 0.0
2025-07-16 17:53:46,854 - assessment - INFO - Question 2: Adding 0.0 points, running total = 0.5/2
2025-07-16 17:53:46,854 - assessment - INFO - Question 3: Response = 'Yes, with robust measures: The organization has implemented comprehensive technical and organizational measures to ensure the effectiveness of the grievance redressal system, including dedicated channels for submitting grievances, clear timelines for resolution, and a robust monitoring system to analyze performance and identify trends.'
2025-07-16 17:53:46,856 - assessment - WARNING - No points assigned for response: 'Yes, with robust measures: The organization has implemented comprehensive technical and organizational measures to ensure the effectiveness of the grievance redressal system, including dedicated channels for submitting grievances, clear timelines for resolution, and a robust monitoring system to analyze performance and identify trends.'
2025-07-16 17:53:46,856 - assessment - INFO - Section Grievance Redressal score: BEFORE=16.7%, AFTER=16.7% (Corrected)
2025-07-16 17:53:46,857 - assessment - INFO - Section Grievance Redressal: total_points=0.5, max_points=3
2025-07-16 17:53:46,857 - assessment - INFO - ===== Calculating score for section: Exemptions =====
2025-07-16 17:53:46,859 - assessment - INFO - Question 1: Response = 'No, we are not aware of these exemptions: The organization is not aware of the exemptions related to processing personal data for preventing offenses, checking loan defaulters' financial information, or enforcing legal rights, which could lead to non-compliance.'
2025-07-16 17:53:46,859 - assessment - INFO - Question 1: Points = 0.0
2025-07-16 17:53:46,859 - assessment - INFO - Question 1: Adding 0.0 points, running total = 0.0/1
2025-07-16 17:53:46,860 - assessment - INFO - Question 2: Response = 'No, we have not received exemptions: The organization has not been granted any exemptions by the government related to the volume and nature of personal data processed.'
2025-07-16 17:53:46,860 - assessment - INFO - Question 2: Points = 0.0
2025-07-16 17:53:46,860 - assessment - INFO - Question 2: Adding 0.0 points, running total = 0.0/2
2025-07-16 17:53:46,860 - assessment - INFO - Section Exemptions score: BEFORE=0.0%, AFTER=0.0% (Corrected)
2025-07-16 17:53:46,861 - assessment - INFO - Section Exemptions: total_points=0.0, max_points=2
2025-07-16 17:53:46,861 - assessment - INFO - ===== Calculating score for section: Documentation and Compliance =====
2025-07-16 17:53:46,861 - assessment - INFO - Question 1: Response = 'Not applicable: This option might apply if your organization does not handle personal data or if such documentation requirements do not apply to your operations.'
2025-07-16 17:53:46,861 - assessment - INFO - Question 1: Points = None
2025-07-16 17:53:46,863 - assessment - INFO - Question 2: Response = 'Not applicable: This option might apply if your organization does not handle personal data or if such reviews and updates are not relevant to your operations.'
2025-07-16 17:53:46,863 - assessment - INFO - Question 2: Points = None
2025-07-16 17:53:46,863 - assessment - INFO - Question 3: Response = 'Yes, with a designated DPO: The organization has appointed a Data Protection Officer (DPO) who is responsible for overseeing data protection practices, ensuring compliance with regulations, and serving as a point of contact for data subjects and regulatory authorities.'
2025-07-16 17:53:46,863 - assessment - INFO - Question 3: Points = 1.0
2025-07-16 17:53:46,863 - assessment - INFO - Question 3: Adding 1.0 points, running total = 1.0/3
2025-07-16 17:53:46,864 - assessment - INFO - Question 4: Response = 'Not applicable: This option might apply if your organization does not handle personal data or if such training is not relevant to your operations.'
2025-07-16 17:53:46,864 - assessment - INFO - Question 4: Points = None
2025-07-16 17:53:46,865 - assessment - INFO - Question 5: Response = 'No, we do not have a process: The organization does not have a specific process in place to stay updated on changes to data protection regulations, which could lead to compliance gaps and potential risks.'
2025-07-16 17:53:46,865 - assessment - INFO - Question 5: Points = 0.0
2025-07-16 17:53:46,865 - assessment - INFO - Question 5: Adding 0.0 points, running total = 1.0/5
2025-07-16 17:53:46,868 - assessment - INFO - Section Documentation and Compliance score: BEFORE=20.0%, AFTER=20.0% (Corrected)
2025-07-16 17:53:46,868 - assessment - INFO - Section Documentation and Compliance: total_points=1.0, max_points=5
2025-07-16 17:53:46,869 - assessment - INFO - Verifying all sections have scores...
2025-07-16 17:53:46,869 - assessment - INFO - Calculated section scores: {'Data Collection and Processing': 0.5, 'Data Principal Rights': 0.3, 'Data Security Measures': 0.2, 'Data Breach Notification': 0.16666666666666666, 'Data Retention and Erasure': 0.625, 'Data Accuracy and Completeness': 1.0, "Children's Data Protection": 0.5, 'Third-Party Processing': 0.0, 'Cross-Border Data Transfers': 0.3333333333333333, 'Significant Data Fiduciary Obligations': 0.5, 'Grievance Redressal': 0.16666666666666666, 'Exemptions': 0.0, 'Documentation and Compliance': 0.2}
2025-07-16 17:53:46,871 - assessment - INFO - ===== Calculating weighted overall score =====
2025-07-16 17:53:46,873 - assessment - INFO - Section Data Collection and Processing: score=0.50, weight=0.11, contribution=0.06
2025-07-16 17:53:46,874 - assessment - INFO - Section Data Principal Rights: score=0.30, weight=0.11, contribution=0.03
2025-07-16 17:53:46,876 - assessment - INFO - Section Data Security Measures: score=0.20, weight=0.13, contribution=0.03
2025-07-16 17:53:46,876 - assessment - INFO - Section Data Breach Notification: score=0.17, weight=0.10, contribution=0.02
2025-07-16 17:53:46,876 - assessment - INFO - Section Data Retention and Erasure: score=0.62, weight=0.05, contribution=0.03
2025-07-16 17:53:46,877 - assessment - INFO - Section Data Accuracy and Completeness: score=1.00, weight=0.08, contribution=0.08
2025-07-16 17:53:46,877 - assessment - INFO - Section Children's Data Protection: score=0.50, weight=0.03, contribution=0.01
2025-07-16 17:53:46,877 - assessment - INFO - Section Third-Party Processing: score=0.00, weight=0.08, contribution=0.00
2025-07-16 17:53:46,878 - assessment - INFO - Section Cross-Border Data Transfers: score=0.33, weight=0.06, contribution=0.02
2025-07-16 17:53:46,878 - assessment - INFO - Section Significant Data Fiduciary Obligations: score=0.50, weight=0.10, contribution=0.05
2025-07-16 17:53:46,878 - assessment - INFO - Section Grievance Redressal: score=0.17, weight=0.05, contribution=0.01
2025-07-16 17:53:46,879 - assessment - INFO - Section Exemptions: score=0.00, weight=0.03, contribution=0.00
2025-07-16 17:53:46,879 - assessment - INFO - Section Documentation and Compliance: score=0.20, weight=0.06, contribution=0.01
2025-07-16 17:53:46,879 - assessment - INFO - Total weighted score: 0.34725000000000006, Total weight: 0.99
2025-07-16 17:53:46,879 - assessment - INFO - Overall score calculation: (0.34725000000000006 / total_weight) * 100 = 35.08%
2025-07-16 17:53:46,881 - assessment - INFO - Added recommendation from partial match: The organization does not adhere to the requirement to keep specified personal data and traffic data within India, which could lead to regulatory issues. Establish controls to restrict the transfer of specified personal and traffic data outside India, aligning with DPDP Section 12(4).
2025-07-16 17:53:47,025 - __main__ - INFO - Application started - Logging initialized
2025-07-16 17:53:47,196 - views - INFO - Requesting AI report generation with the following configuration:
2025-07-16 17:53:47,197 - views - INFO - AI enabled: True
2025-07-16 17:53:47,198 - views - INFO - API key available: Yes
2025-07-16 17:53:47,198 - views - INFO - API provider: openrouter
2025-07-16 17:53:47,199 - nlg_report - INFO - AI API is fully configured and enabled
2025-07-16 17:53:47,200 - nlg_report - INFO - Configuring OpenRouter API client
2025-07-16 17:53:47,917 - nlg_report - INFO - OpenRouter client configured with model: deepseek/deepseek-chat-v3-0324:free
2025-07-16 17:53:47,917 - nlg_report - INFO - Creating AI prompt for markdown format from context data
2025-07-16 17:53:47,919 - nlg_report - INFO - Created prompt with length: 11088 characters
2025-07-16 17:53:47,919 - nlg_report - INFO - Making API request attempt 1/3
2025-07-16 17:53:47,919 - nlg_report - INFO - Sending request to OpenRouter API
2025-07-16 17:53:52,236 - httpx - INFO - HTTP Request: POST https://openrouter.ai/api/v1/chat/completions "HTTP/1.1 200 OK"
2025-07-16 17:54:14,992 - nlg_report - INFO - Received full API response
2025-07-16 17:54:14,993 - nlg_report - INFO - API call completed successfully in 27.07 seconds
2025-07-16 17:54:14,994 - nlg_report - INFO - Received valid response with content length: 4348 characters
2025-07-16 17:54:17,213 - views - INFO - Report generation completed in 30.01 seconds
2025-07-16 17:54:17,213 - views - INFO - Report length: 4348 characters
2025-07-16 17:54:17,221 - views - INFO - Looking for logo at: C:\Users\HP\OneDrive - DataInfa Solution Private Limited\Projects\DPDP-main\DPDP-main\Assets\@DataINFA.png
2025-07-16 17:54:17,235 - views - INFO - Looking for logo at: C:\Users\HP\OneDrive - DataInfa Solution Private Limited\Projects\DPDP-main\DPDP-main\Assets\@DataINFA.png
2025-07-16 17:54:17,310 - views - INFO - Temporary PDF output path: C:\Users\HP\AppData\Local\Temp\tmp_yr89o6k.pdf
2025-07-16 17:54:17,311 - views - INFO - Attempting conversion and save to: C:\Users\HP\AppData\Local\Temp\tmp_yr89o6k.pdf
2025-07-16 17:54:17,357 - views - INFO - markdown-pdf save operation completed for C:\Users\HP\AppData\Local\Temp\tmp_yr89o6k.pdf
2025-07-16 17:54:17,357 - views - INFO - Output PDF file exists: C:\Users\HP\AppData\Local\Temp\tmp_yr89o6k.pdf
2025-07-16 17:54:17,417 - views - INFO - Successfully read 148724 bytes from C:\Users\HP\AppData\Local\Temp\tmp_yr89o6k.pdf
2025-07-16 17:54:17,418 - views - INFO - Cleaned up temporary PDF file: C:\Users\HP\AppData\Local\Temp\tmp_yr89o6k.pdf
2025-07-16 17:54:17,446 - views - INFO - [render_assessment] Mapped regulation_for_loader: DPDP
2025-07-16 17:54:27,616 - __main__ - INFO - Application started - Logging initialized
2025-07-16 17:54:27,838 - views - INFO - [render_assessment] Mapped regulation_for_loader: DPDP
2025-07-16 18:03:23,037 - __main__ - INFO - Application started - Logging initialized
2025-07-16 18:26:36,330 - __main__ - INFO - Application started - Logging initialized
2025-07-16 22:46:49,465 - __main__ - INFO - Application started - Logging initialized
2025-07-17 08:26:09,947 - __main__ - INFO - Application started - Logging initialized
2025-07-17 09:24:10,950 - __main__ - INFO - Application started - Logging initialized
2025-07-17 12:18:21,059 - __main__ - INFO - Application started - Logging initialized
2025-07-17 12:28:50,158 - __main__ - INFO - Application started - Logging initialized
2025-07-17 12:44:34,855 - __main__ - INFO - Application started - Logging initialized
2025-07-17 13:33:08,259 - __main__ - INFO - Application started - Logging initialized
2025-07-17 13:35:12,809 - __main__ - INFO - Application started - Logging initialized
2025-07-17 13:35:16,841 - __main__ - INFO - Application started - Logging initialized
2025-07-17 13:35:17,048 - __main__ - INFO - Application started - Logging initialized
2025-07-17 13:35:17,148 - helpers - INFO - Admin token validated
2025-07-17 13:35:17,272 - __main__ - INFO - Application started - Logging initialized
2025-07-17 13:35:23,029 - __main__ - INFO - Application started - Logging initialized
2025-07-17 13:37:44,260 - __main__ - INFO - Application started - Logging initialized
2025-07-17 13:37:47,950 - __main__ - INFO - Application started - Logging initialized
2025-07-17 13:37:48,223 - __main__ - INFO - Application started - Logging initialized
2025-07-17 13:37:48,298 - helpers - INFO - Admin token validated
2025-07-17 13:37:48,482 - __main__ - INFO - Application started - Logging initialized
2025-07-17 13:37:55,263 - __main__ - INFO - Application started - Logging initialized
2025-07-17 13:38:07,758 - __main__ - INFO - Application started - Logging initialized
2025-07-17 13:38:07,824 - data_storage - INFO - Assessment data received - is_start: None, is_complete: None
2025-07-17 13:38:07,834 - data_storage - INFO - Saved assessment data for Air India to C:\Users\HP\OneDrive - DataInfa Solution Private Limited\Projects\DPDP-main\DPDP-main\data\organizations\Air India\assessment_20250717_133807.json
2025-07-17 13:38:16,392 - __main__ - INFO - Application started - Logging initialized
2025-07-17 13:38:16,641 - __main__ - INFO - Application started - Logging initialized
2025-07-17 13:38:16,723 - views - INFO - Starting assessment for Air India
2025-07-17 13:38:16,728 - data_storage - INFO - Assessment data received - is_start: True, is_complete: None
2025-07-17 13:38:16,730 - data_storage - INFO - Triggering start notification email for Air India
2025-07-17 13:38:16,731 - data_storage - INFO - Attempting to connect to SMTP server...
2025-07-17 13:38:20,418 - data_storage - INFO - Assessment notification email sent for Air India
2025-07-17 13:38:20,423 - data_storage - INFO - Saved assessment data for Air India to C:\Users\HP\OneDrive - DataInfa Solution Private Limited\Projects\DPDP-main\DPDP-main\data\organizations\Air India\assessment_20250717_133820.json
2025-07-17 13:38:20,425 - helpers - INFO - Navigating to page: assessment from welcome
2025-07-17 13:38:20,596 - __main__ - INFO - Application started - Logging initialized
2025-07-17 13:38:20,654 - views - INFO - [render_assessment] Session selected_country: India
2025-07-17 13:38:20,656 - views - INFO - [render_assessment] Session selected_industry: Banking and finance
2025-07-17 13:38:20,656 - views - INFO - [render_assessment] Mapped industry_for_loader: Banking and finance
2025-07-17 13:38:20,658 - views - INFO - [render_assessment] Using regulation: DPDP for country: India
2025-07-17 13:38:20,658 - views - INFO - [render_assessment] Loaded questionnaire for regulation: DPDP, industry: Banking and finance
2025-07-17 13:38:22,440 - __main__ - INFO - Application started - Logging initialized
2025-07-17 13:38:22,500 - helpers - INFO - Navigating to page: privacy from assessment
2025-07-17 13:38:22,698 - __main__ - INFO - Application started - Logging initialized
2025-07-17 13:38:28,544 - __main__ - INFO - Application started - Logging initialized
2025-07-17 13:38:29,578 - __main__ - INFO - Application started - Logging initialized
2025-07-17 13:38:30,648 - __main__ - INFO - Application started - Logging initialized
2025-07-17 13:38:30,728 - privacy_policy_analyzer - INFO - Searching privacy policy for organization: Sbi in country: Qatar
2025-07-17 13:38:31,615 - privacy_policy_analyzer - INFO - Found privacy policy URL for Sbi: https://sbi.co.in/web/nri/information/privacy-statement
2025-07-17 13:38:31,618 - privacy_policy_analyzer - INFO - Fetching privacy policy content from: https://sbi.co.in/web/nri/information/privacy-statement
2025-07-17 13:38:33,001 - privacy_policy_analyzer - DEBUG - Successfully fetched content from https://sbi.co.in/web/nri/information/privacy-statement on attempt 1
2025-07-17 13:38:33,383 - privacy_policy_analyzer - DEBUG - Removed 71 unwanted elements
2025-07-17 13:38:33,388 - privacy_policy_analyzer - DEBUG - Found content using selector: {'role': 'main'}
2025-07-17 13:38:33,388 - privacy_policy_analyzer - INFO - Successfully extracted 8015 characters of content
2025-07-17 13:38:33,400 - privacy_policy_analyzer - INFO - Sending request to OpenRouter for Qatar analysis
2025-07-17 13:39:04,838 - privacy_policy_analyzer - INFO - Received response from OpenRouter with status code: 200
2025-07-17 13:39:04,838 - privacy_policy_analyzer - INFO - Successfully received analysis from OpenRouter
2025-07-17 13:39:05,060 - privacy_policy_analyzer - INFO - Temporary PDF output path: C:\Users\HP\AppData\Local\Temp\tmpazeqg_a0.pdf
2025-07-17 13:39:05,068 - privacy_policy_analyzer - INFO - Attempting to save PDF to: C:\Users\HP\AppData\Local\Temp\tmpazeqg_a0.pdf
2025-07-17 13:39:05,139 - privacy_policy_analyzer - INFO - PDF save operation completed for C:\Users\HP\AppData\Local\Temp\tmpazeqg_a0.pdf
2025-07-17 13:39:05,139 - privacy_policy_analyzer - INFO - Reading PDF content from: C:\Users\HP\AppData\Local\Temp\tmpazeqg_a0.pdf
2025-07-17 13:39:05,238 - privacy_policy_analyzer - INFO - Successfully read 983163 bytes from PDF
2025-07-17 13:39:05,240 - privacy_policy_analyzer - INFO - Cleaned up temporary PDF file: C:\Users\HP\AppData\Local\Temp\tmpazeqg_a0.pdf
2025-07-17 13:39:05,428 - __main__ - INFO - Application started - Logging initialized
2025-07-17 13:39:13,098 - __main__ - INFO - Application started - Logging initialized
2025-07-17 13:39:13,871 - __main__ - INFO - Application started - Logging initialized
2025-07-17 13:39:14,115 - privacy_policy_analyzer - INFO - Searching privacy policy for organization: Sbi in country: India
2025-07-17 13:39:14,702 - privacy_policy_analyzer - INFO - Found privacy policy URL for Sbi: https://www.onlinesbi.sbi/sbijava/Privacy_Statement.html
2025-07-17 13:39:14,705 - privacy_policy_analyzer - INFO - Fetching privacy policy content from: https://www.onlinesbi.sbi/sbijava/Privacy_Statement.html
2025-07-17 13:39:14,848 - privacy_policy_analyzer - DEBUG - Successfully fetched content from https://www.onlinesbi.sbi/sbijava/Privacy_Statement.html on attempt 1
2025-07-17 13:39:14,868 - privacy_policy_analyzer - DEBUG - Removed 4 unwanted elements
2025-07-17 13:39:14,878 - privacy_policy_analyzer - WARNING - No specific content container found, using body or full document
2025-07-17 13:39:14,878 - privacy_policy_analyzer - INFO - Successfully extracted 6669 characters of content
2025-07-17 13:39:14,890 - privacy_policy_analyzer - INFO - Sending request to OpenRouter for India analysis
2025-07-17 13:39:57,309 - privacy_policy_analyzer - INFO - Received response from OpenRouter with status code: 200
2025-07-17 13:39:57,312 - privacy_policy_analyzer - INFO - Successfully received analysis from OpenRouter
2025-07-17 13:39:57,397 - privacy_policy_analyzer - INFO - Temporary PDF output path: C:\Users\HP\AppData\Local\Temp\tmp5fhna2y_.pdf
2025-07-17 13:39:57,399 - privacy_policy_analyzer - INFO - Attempting to save PDF to: C:\Users\HP\AppData\Local\Temp\tmp5fhna2y_.pdf
2025-07-17 13:39:57,479 - privacy_policy_analyzer - INFO - PDF save operation completed for C:\Users\HP\AppData\Local\Temp\tmp5fhna2y_.pdf
2025-07-17 13:39:57,483 - privacy_policy_analyzer - INFO - Reading PDF content from: C:\Users\HP\AppData\Local\Temp\tmp5fhna2y_.pdf
2025-07-17 13:39:57,557 - privacy_policy_analyzer - INFO - Successfully read 586934 bytes from PDF
2025-07-17 13:39:57,559 - privacy_policy_analyzer - INFO - Cleaned up temporary PDF file: C:\Users\HP\AppData\Local\Temp\tmp5fhna2y_.pdf
2025-07-17 13:39:57,749 - __main__ - INFO - Application started - Logging initialized
2025-07-17 13:54:57,319 - __main__ - INFO - Application started - Logging initialized
2025-07-17 13:56:17,587 - __main__ - INFO - Application started - Logging initialized
2025-07-17 13:56:17,774 - __main__ - INFO - Application started - Logging initialized
2025-07-17 13:56:17,811 - helpers - INFO - Admin token validated
2025-07-17 13:56:17,918 - __main__ - INFO - Application started - Logging initialized
2025-07-17 13:56:21,492 - __main__ - INFO - Application started - Logging initialized
2025-07-17 14:05:57,721 - __main__ - INFO - Application started - Logging initialized
2025-07-17 14:05:57,949 - __main__ - INFO - Application started - Logging initialized
2025-07-17 14:05:58,008 - helpers - INFO - Admin token validated
2025-07-17 14:05:58,127 - __main__ - INFO - Application started - Logging initialized
2025-07-17 14:06:15,135 - __main__ - INFO - Application started - Logging initialized
2025-07-17 14:07:07,481 - __main__ - INFO - Application started - Logging initialized
2025-07-17 14:07:07,539 - data_storage - INFO - Assessment data received - is_start: None, is_complete: None
2025-07-17 14:07:07,546 - data_storage - INFO - Saved assessment data for Air India to C:\Users\HP\OneDrive - DataInfa Solution Private Limited\Projects\DPDP-main\DPDP-main\data\organizations\Air India\assessment_20250717_140707.json
2025-07-17 14:07:07,791 - __main__ - INFO - Application started - Logging initialized
2025-07-17 14:07:07,839 - views - INFO - Starting assessment for Air India
2025-07-17 14:07:07,841 - data_storage - INFO - Assessment data received - is_start: True, is_complete: None
2025-07-17 14:07:07,843 - data_storage - INFO - Triggering start notification email for Air India
2025-07-17 14:07:07,844 - data_storage - INFO - Attempting to connect to SMTP server...
2025-07-17 14:07:11,245 - data_storage - INFO - Assessment notification email sent for Air India
2025-07-17 14:07:11,248 - data_storage - INFO - Saved assessment data for Air India to C:\Users\HP\OneDrive - DataInfa Solution Private Limited\Projects\DPDP-main\DPDP-main\data\organizations\Air India\assessment_20250717_140711.json
2025-07-17 14:07:11,249 - helpers - INFO - Navigating to page: assessment from welcome
2025-07-17 14:07:11,368 - __main__ - INFO - Application started - Logging initialized
2025-07-17 14:07:11,402 - views - INFO - [render_assessment] Session selected_country: India
2025-07-17 14:07:11,402 - views - INFO - [render_assessment] Session selected_industry: Banking and finance
2025-07-17 14:07:11,404 - views - INFO - [render_assessment] Mapped industry_for_loader: Banking and finance
2025-07-17 14:07:11,405 - views - INFO - [render_assessment] Using regulation: DPDP for country: India
2025-07-17 14:07:11,406 - views - INFO - [render_assessment] Loaded questionnaire for regulation: DPDP, industry: Banking and finance
2025-07-17 14:08:07,111 - __main__ - INFO - Application started - Logging initialized
2025-07-17 14:08:07,369 - __main__ - INFO - Application started - Logging initialized
2025-07-17 14:08:07,421 - assessment - INFO - [CALC] calculate_compliance_score CALLED with regulation_code='PDPPL', industry_code='General'
2025-07-17 14:08:07,422 - assessment - INFO - [CALC] Using passed parameters: regulation='PDPPL', industry='General'
2025-07-17 14:08:07,422 - assessment - INFO - [CALC] About to call get_questionnaire('PDPPL', 'General')
2025-07-17 14:08:07,423 - assessment - INFO - [CALC] Loaded questionnaire has 10 sections for PDPPL/General
2025-07-17 14:08:07,424 - assessment - INFO - [CALC] First 3 section names: ['Applicability of the PDPPL', 'Principles of Data Privacy', 'Permitted Reasons']
2025-07-17 14:08:07,426 - assessment - INFO - [CALC] ALL SECTION NAMES: ['Applicability of the PDPPL', 'Principles of Data Privacy', 'Permitted Reasons', 'Special Nature Processing & Security', "Individuals' Rights & Complaints", 'Governance & Training Awareness', 'Data Privacy Impact Assessment (DPIA) & Privacy by Design', 'Cross Border Data Flows & Third Party Agreements', 'Data Breaches', "Children's Websites"]
2025-07-17 14:08:07,426 - assessment - ERROR - [CALC] CRITICAL ERROR: Loading PDPPL questionnaire when expecting PDPPL!
2025-07-17 14:08:07,427 - assessment - INFO - [CALC] Answer points dictionary has 10 entries
2025-07-17 14:08:07,428 - assessment - INFO - Answer points dictionary has 10 entries
2025-07-17 14:08:07,428 - assessment - WARNING - Response 'Partially, Notices are not provided in all required languages.' not found in answer_points
2025-07-17 14:08:07,428 - assessment - WARNING - Response 'Not applicable: This option might apply if your organization does not collect personal data or if the notice is not required due to exemptions.' not found in answer_points
2025-07-17 14:08:07,428 - assessment - WARNING - Response 'Not applicable: This option might apply if consent is not required due to exemptions (e.g., legal obligations).' not found in answer_points
2025-07-17 14:08:07,429 - assessment - WARNING - Response 'Partially, but some processing may exceed specified purposes: While efforts are made to limit processing to specified purposes, there may be instances where data is used beyond those purposes.' not found in answer_points
2025-07-17 14:08:07,429 - assessment - WARNING - Response 'Yes, with clear verification processes: The organization has established procedures to verify that data is provided voluntarily for specific purposes where consent exemptions apply, ensuring compliance with DPDP Act requirements.' not found in answer_points
2025-07-17 14:08:07,429 - assessment - INFO - Processing scores for 10 sections
2025-07-17 14:08:07,429 - assessment - INFO - Found responses for section indices: [0]
2025-07-17 14:08:07,430 - assessment - INFO - ===== Calculating score for section: Applicability of the PDPPL =====
2025-07-17 14:08:07,430 - assessment - INFO - Question 1: Response = 'Partially, Notices are not provided in all required languages.'
2025-07-17 14:08:07,431 - assessment - WARNING - No points assigned for response: 'Partially, Notices are not provided in all required languages.'
2025-07-17 14:08:07,437 - assessment - INFO - Section Applicability of the PDPPL score: BEFORE=0.0%, AFTER=0.0% (Corrected)
2025-07-17 14:08:07,437 - assessment - INFO - Section Applicability of the PDPPL: total_points=0.0, max_points=1
2025-07-17 14:08:07,437 - assessment - INFO - ===== Calculating score for section: Principles of Data Privacy =====
2025-07-17 14:08:07,439 - assessment - INFO - Question 1: No response provided
2025-07-17 14:08:07,439 - assessment - INFO - Question 2: No response provided
2025-07-17 14:08:07,439 - assessment - WARNING - Empty responses for section Principles of Data Privacy, using raw score None
2025-07-17 14:08:07,439 - assessment - INFO - Section Principles of Data Privacy score: AFTER=0.0% (Raw score was None)
2025-07-17 14:08:07,440 - assessment - INFO - Section Principles of Data Privacy: No responses, score set to None
2025-07-17 14:08:07,440 - assessment - INFO - Section Principles of Data Privacy: total_points=0.0, max_points=2
2025-07-17 14:08:07,441 - assessment - INFO - ===== Calculating score for section: Permitted Reasons =====
2025-07-17 14:08:07,442 - assessment - INFO - Question 1: No response provided
2025-07-17 14:08:07,442 - assessment - INFO - Question 2: No response provided
2025-07-17 14:08:07,444 - assessment - INFO - Question 3: No response provided
2025-07-17 14:08:07,445 - assessment - WARNING - Empty responses for section Permitted Reasons, using raw score None
2025-07-17 14:08:07,448 - assessment - INFO - Section Permitted Reasons score: AFTER=0.0% (Raw score was None)
2025-07-17 14:08:07,450 - assessment - INFO - Section Permitted Reasons: No responses, score set to None
2025-07-17 14:08:07,453 - assessment - INFO - Section Permitted Reasons: total_points=0.0, max_points=3
2025-07-17 14:08:07,454 - assessment - INFO - ===== Calculating score for section: Special Nature Processing & Security =====
2025-07-17 14:08:07,456 - assessment - INFO - Question 1: No response provided
2025-07-17 14:08:07,460 - assessment - INFO - Question 2: No response provided
2025-07-17 14:08:07,462 - assessment - WARNING - Empty responses for section Special Nature Processing & Security, using raw score None
2025-07-17 14:08:07,462 - assessment - INFO - Section Special Nature Processing & Security score: AFTER=0.0% (Raw score was None)
2025-07-17 14:08:07,462 - assessment - INFO - Section Special Nature Processing & Security: No responses, score set to None
2025-07-17 14:08:07,464 - assessment - INFO - Section Special Nature Processing & Security: total_points=0.0, max_points=2
2025-07-17 14:08:07,464 - assessment - INFO - ===== Calculating score for section: Individuals' Rights & Complaints =====
2025-07-17 14:08:07,464 - assessment - INFO - Question 1: No response provided
2025-07-17 14:08:07,464 - assessment - INFO - Question 2: No response provided
2025-07-17 14:08:07,465 - assessment - WARNING - Empty responses for section Individuals' Rights & Complaints, using raw score None
2025-07-17 14:08:07,465 - assessment - INFO - Section Individuals' Rights & Complaints score: AFTER=0.0% (Raw score was None)
2025-07-17 14:08:07,466 - assessment - INFO - Section Individuals' Rights & Complaints: No responses, score set to None
2025-07-17 14:08:07,466 - assessment - INFO - Section Individuals' Rights & Complaints: total_points=0.0, max_points=2
2025-07-17 14:08:07,479 - assessment - INFO - ===== Calculating score for section: Governance & Training Awareness =====
2025-07-17 14:08:07,480 - assessment - INFO - Question 1: No response provided
2025-07-17 14:08:07,491 - assessment - INFO - Question 2: No response provided
2025-07-17 14:08:07,491 - assessment - INFO - Question 3: No response provided
2025-07-17 14:08:07,492 - assessment - WARNING - Empty responses for section Governance & Training Awareness, using raw score None
2025-07-17 14:08:07,492 - assessment - INFO - Section Governance & Training Awareness score: AFTER=0.0% (Raw score was None)
2025-07-17 14:08:07,493 - assessment - INFO - Section Governance & Training Awareness: No responses, score set to None
2025-07-17 14:08:07,493 - assessment - INFO - Section Governance & Training Awareness: total_points=0.0, max_points=3
2025-07-17 14:08:07,493 - assessment - INFO - ===== Calculating score for section: Data Privacy Impact Assessment (DPIA) & Privacy by Design =====
2025-07-17 14:08:07,494 - assessment - INFO - Question 1: No response provided
2025-07-17 14:08:07,494 - assessment - INFO - Question 2: No response provided
2025-07-17 14:08:07,494 - assessment - WARNING - Empty responses for section Data Privacy Impact Assessment (DPIA) & Privacy by Design, using raw score None
2025-07-17 14:08:07,494 - assessment - INFO - Section Data Privacy Impact Assessment (DPIA) & Privacy by Design score: AFTER=0.0% (Raw score was None)
2025-07-17 14:08:07,495 - assessment - INFO - Section Data Privacy Impact Assessment (DPIA) & Privacy by Design: No responses, score set to None
2025-07-17 14:08:07,495 - assessment - INFO - Section Data Privacy Impact Assessment (DPIA) & Privacy by Design: total_points=0.0, max_points=2
2025-07-17 14:08:07,495 - assessment - INFO - ===== Calculating score for section: Cross Border Data Flows & Third Party Agreements =====
2025-07-17 14:08:07,496 - assessment - INFO - Question 1: No response provided
2025-07-17 14:08:07,497 - assessment - INFO - Question 2: No response provided
2025-07-17 14:08:07,497 - assessment - WARNING - Empty responses for section Cross Border Data Flows & Third Party Agreements, using raw score None
2025-07-17 14:08:07,498 - assessment - INFO - Section Cross Border Data Flows & Third Party Agreements score: AFTER=0.0% (Raw score was None)
2025-07-17 14:08:07,499 - assessment - INFO - Section Cross Border Data Flows & Third Party Agreements: No responses, score set to None
2025-07-17 14:08:07,499 - assessment - INFO - Section Cross Border Data Flows & Third Party Agreements: total_points=0.0, max_points=2
2025-07-17 14:08:07,500 - assessment - INFO - ===== Calculating score for section: Data Breaches =====
2025-07-17 14:08:07,505 - assessment - INFO - Question 1: No response provided
2025-07-17 14:08:07,505 - assessment - WARNING - Empty responses for section Data Breaches, using raw score None
2025-07-17 14:08:07,506 - assessment - INFO - Section Data Breaches score: AFTER=0.0% (Raw score was None)
2025-07-17 14:08:07,506 - assessment - INFO - Section Data Breaches: No responses, score set to None
2025-07-17 14:08:07,507 - assessment - INFO - Section Data Breaches: total_points=0.0, max_points=1
2025-07-17 14:08:07,507 - assessment - INFO - ===== Calculating score for section: Children's Websites =====
2025-07-17 14:08:07,507 - assessment - INFO - Question 1: No response provided
2025-07-17 14:08:07,507 - assessment - WARNING - Empty responses for section Children's Websites, using raw score None
2025-07-17 14:08:07,507 - assessment - INFO - Section Children's Websites score: AFTER=0.0% (Raw score was None)
2025-07-17 14:08:07,509 - assessment - INFO - Section Children's Websites: No responses, score set to None
2025-07-17 14:08:07,509 - assessment - INFO - Section Children's Websites: total_points=0.0, max_points=1
2025-07-17 14:08:07,509 - assessment - INFO - Verifying all sections have scores...
2025-07-17 14:08:07,509 - assessment - INFO - Calculated section scores: {'Applicability of the PDPPL': 0.0, 'Principles of Data Privacy': None, 'Permitted Reasons': None, 'Special Nature Processing & Security': None, "Individuals' Rights & Complaints": None, 'Governance & Training Awareness': None, 'Data Privacy Impact Assessment (DPIA) & Privacy by Design': None, 'Cross Border Data Flows & Third Party Agreements': None, 'Data Breaches': None, "Children's Websites": None}
2025-07-17 14:08:07,510 - assessment - INFO - ===== Calculating weighted overall score =====
2025-07-17 14:08:07,510 - assessment - INFO - Section Applicability of the PDPPL: score=0.00, weight=0.06, contribution=0.00
2025-07-17 14:08:07,510 - assessment - INFO - Section Principles of Data Privacy: SKIPPED (no score)
2025-07-17 14:08:07,511 - assessment - INFO - Section Permitted Reasons: SKIPPED (no score)
2025-07-17 14:08:07,511 - assessment - INFO - Section Special Nature Processing & Security: SKIPPED (no score)
2025-07-17 14:08:07,511 - assessment - INFO - Section Individuals' Rights & Complaints: SKIPPED (no score)
2025-07-17 14:08:07,511 - assessment - INFO - Section Governance & Training Awareness: SKIPPED (no score)
2025-07-17 14:08:07,512 - assessment - INFO - Section Data Privacy Impact Assessment (DPIA) & Privacy by Design: SKIPPED (no score)
2025-07-17 14:08:07,512 - assessment - INFO - Section Cross Border Data Flows & Third Party Agreements: SKIPPED (no score)
2025-07-17 14:08:07,512 - assessment - INFO - Section Data Breaches: SKIPPED (no score)
2025-07-17 14:08:07,512 - assessment - INFO - Section Children's Websites: SKIPPED (no score)
2025-07-17 14:08:07,513 - assessment - INFO - Total weighted score: 0.0, Total weight: 0.06
2025-07-17 14:08:07,513 - assessment - INFO - Overall score calculation: (0.0 / total_weight) * 100 = 0.00%
2025-07-17 14:08:14,241 - __main__ - INFO - Application started - Logging initialized
2025-07-17 14:08:14,472 - __main__ - INFO - Application started - Logging initialized
2025-07-17 14:08:16,111 - __main__ - INFO - Application started - Logging initialized
2025-07-17 14:08:16,311 - __main__ - INFO - Application started - Logging initialized
2025-07-17 14:08:20,472 - __main__ - INFO - Application started - Logging initialized
2025-07-17 14:08:20,660 - __main__ - INFO - Application started - Logging initialized
2025-07-17 14:08:21,966 - __main__ - INFO - Application started - Logging initialized
2025-07-17 14:08:22,181 - __main__ - INFO - Application started - Logging initialized
2025-07-17 14:08:23,864 - __main__ - INFO - Application started - Logging initialized
2025-07-17 14:08:24,065 - __main__ - INFO - Application started - Logging initialized
2025-07-17 14:08:24,662 - __main__ - INFO - Application started - Logging initialized
2025-07-17 14:08:24,874 - __main__ - INFO - Application started - Logging initialized
2025-07-17 14:08:25,479 - __main__ - INFO - Application started - Logging initialized
2025-07-17 14:08:25,688 - __main__ - INFO - Application started - Logging initialized
2025-07-17 14:08:26,958 - __main__ - INFO - Application started - Logging initialized
2025-07-17 14:08:27,165 - __main__ - INFO - Application started - Logging initialized
2025-07-17 14:08:29,273 - __main__ - INFO - Application started - Logging initialized
2025-07-17 14:08:29,492 - __main__ - INFO - Application started - Logging initialized
2025-07-17 14:08:29,861 - __main__ - INFO - Application started - Logging initialized
2025-07-17 14:08:30,085 - __main__ - INFO - Application started - Logging initialized
2025-07-17 14:08:30,778 - __main__ - INFO - Application started - Logging initialized
2025-07-17 14:08:31,004 - __main__ - INFO - Application started - Logging initialized
2025-07-17 14:08:31,330 - __main__ - INFO - Application started - Logging initialized
2025-07-17 14:08:31,527 - __main__ - INFO - Application started - Logging initialized
2025-07-17 14:08:32,521 - __main__ - INFO - Application started - Logging initialized
2025-07-17 14:08:32,726 - __main__ - INFO - Application started - Logging initialized
2025-07-17 14:08:33,077 - __main__ - INFO - Application started - Logging initialized
2025-07-17 14:08:33,301 - __main__ - INFO - Application started - Logging initialized
2025-07-17 14:08:33,830 - __main__ - INFO - Application started - Logging initialized
2025-07-17 14:08:34,045 - __main__ - INFO - Application started - Logging initialized
2025-07-17 14:08:34,509 - __main__ - INFO - Application started - Logging initialized
2025-07-17 14:08:34,725 - __main__ - INFO - Application started - Logging initialized
2025-07-17 14:08:35,592 - __main__ - INFO - Application started - Logging initialized
2025-07-17 14:08:35,804 - __main__ - INFO - Application started - Logging initialized
2025-07-17 14:08:36,149 - __main__ - INFO - Application started - Logging initialized
2025-07-17 14:08:36,363 - __main__ - INFO - Application started - Logging initialized
2025-07-17 14:08:37,224 - __main__ - INFO - Application started - Logging initialized
2025-07-17 14:08:37,430 - __main__ - INFO - Application started - Logging initialized
2025-07-17 14:08:37,755 - __main__ - INFO - Application started - Logging initialized
2025-07-17 14:08:37,946 - __main__ - INFO - Application started - Logging initialized
2025-07-17 14:08:38,506 - __main__ - INFO - Application started - Logging initialized
2025-07-17 14:08:38,726 - __main__ - INFO - Application started - Logging initialized
2025-07-17 14:08:39,130 - __main__ - INFO - Application started - Logging initialized
2025-07-17 14:08:39,394 - __main__ - INFO - Application started - Logging initialized
2025-07-17 14:08:40,262 - __main__ - INFO - Application started - Logging initialized
2025-07-17 14:08:40,475 - __main__ - INFO - Application started - Logging initialized
2025-07-17 14:08:41,296 - __main__ - INFO - Application started - Logging initialized
2025-07-17 14:08:41,503 - __main__ - INFO - Application started - Logging initialized
2025-07-17 14:08:52,401 - __main__ - INFO - Application started - Logging initialized
2025-07-17 14:08:54,208 - __main__ - INFO - Application started - Logging initialized
2025-07-17 14:08:56,495 - __main__ - INFO - Application started - Logging initialized
2025-07-17 14:09:07,247 - __main__ - INFO - Application started - Logging initialized
2025-07-17 14:09:07,444 - __main__ - INFO - Application started - Logging initialized
2025-07-17 14:09:08,696 - __main__ - INFO - Application started - Logging initialized
2025-07-17 14:09:08,929 - __main__ - INFO - Application started - Logging initialized
2025-07-17 14:09:10,047 - __main__ - INFO - Application started - Logging initialized
2025-07-17 14:09:10,233 - __main__ - INFO - Application started - Logging initialized
2025-07-17 14:09:11,263 - __main__ - INFO - Application started - Logging initialized
2025-07-17 14:09:11,440 - __main__ - INFO - Application started - Logging initialized
2025-07-17 14:09:13,083 - __main__ - INFO - Application started - Logging initialized
2025-07-17 14:09:13,387 - __main__ - INFO - Application started - Logging initialized
2025-07-17 14:09:14,050 - __main__ - INFO - Application started - Logging initialized
2025-07-17 14:09:14,322 - __main__ - INFO - Application started - Logging initialized
2025-07-17 14:09:15,584 - __main__ - INFO - Application started - Logging initialized
2025-07-17 14:09:15,823 - __main__ - INFO - Application started - Logging initialized
2025-07-17 14:09:16,687 - __main__ - INFO - Application started - Logging initialized
2025-07-17 14:09:16,893 - __main__ - INFO - Application started - Logging initialized
2025-07-17 14:09:18,407 - __main__ - INFO - Application started - Logging initialized
2025-07-17 14:09:18,599 - __main__ - INFO - Application started - Logging initialized
2025-07-17 14:09:19,506 - __main__ - INFO - Application started - Logging initialized
2025-07-17 14:09:19,711 - __main__ - INFO - Application started - Logging initialized
2025-07-17 14:09:20,673 - __main__ - INFO - Application started - Logging initialized
2025-07-17 14:09:20,910 - __main__ - INFO - Application started - Logging initialized
2025-07-17 14:09:21,886 - __main__ - INFO - Application started - Logging initialized
2025-07-17 14:09:22,072 - __main__ - INFO - Application started - Logging initialized
2025-07-17 14:09:24,567 - __main__ - INFO - Application started - Logging initialized
2025-07-17 14:09:24,638 - assessment - INFO - [CALC] calculate_compliance_score CALLED with regulation_code='DPDP', industry_code='Banking and finance'
2025-07-17 14:09:24,639 - assessment - INFO - [CALC] Using passed parameters: regulation='DPDP', industry='Banking and finance'
2025-07-17 14:09:24,640 - assessment - INFO - [CALC] About to call get_questionnaire('DPDP', 'Banking and finance')
2025-07-17 14:09:24,641 - assessment - INFO - [CALC] Loaded questionnaire has 13 sections for DPDP/Banking and finance
2025-07-17 14:09:24,641 - assessment - INFO - [CALC] First 3 section names: ['Data Collection and Processing', 'Data Principal Rights', 'Data Security Measures']
2025-07-17 14:09:24,642 - assessment - INFO - [CALC] ALL SECTION NAMES: ['Data Collection and Processing', 'Data Principal Rights', 'Data Security Measures', 'Data Breach Notification', 'Data Retention and Erasure', 'Data Accuracy and Completeness', "Children's Data Protection", 'Third-Party Processing', 'Cross-Border Data Transfers', 'Significant Data Fiduciary Obligations', 'Grievance Redressal', 'Exemptions', 'Documentation and Compliance']
2025-07-17 14:09:24,642 - assessment - WARNING - [CALC] UNKNOWN: Questionnaire type unclear for DPDP
2025-07-17 14:09:24,643 - assessment - INFO - [CALC] Answer points dictionary has 175 entries
2025-07-17 14:09:24,643 - assessment - INFO - Answer points dictionary has 175 entries
2025-07-17 14:09:24,644 - assessment - WARNING - Response 'Partially, Notices are not provided in all required languages.' not found in answer_points
2025-07-17 14:09:24,644 - assessment - WARNING - Response 'Yes, with robust measures: The organization has implemented comprehensive technical and organizational measures to ensure the effectiveness of the grievance redressal system, including dedicated channels for submitting grievances, clear timelines for resolution, and a robust monitoring system to analyze performance and identify trends.' not found in answer_points
2025-07-17 14:09:24,645 - assessment - INFO - Processing scores for 13 sections
2025-07-17 14:09:24,645 - assessment - INFO - Found responses for section indices: [0, 1, 2, 3, 4, 5, 6, 7, 8, 9, 10, 11, 12]
2025-07-17 14:09:24,646 - assessment - INFO - ===== Calculating score for section: Data Collection and Processing =====
2025-07-17 14:09:24,646 - assessment - INFO - Question 1: Response = 'Partially, Notices are not provided in all required languages.'
2025-07-17 14:09:24,647 - assessment - INFO - Question 1: Points = 0.0 (partial match)
2025-07-17 14:09:24,647 - assessment - WARNING - No points assigned for response: 'Partially, Notices are not provided in all required languages.'
2025-07-17 14:09:24,647 - assessment - INFO - Question 2: Response = 'Not applicable: This option might apply if your organization does not collect personal data or if the notice is not required due to exemptions.'
2025-07-17 14:09:24,649 - assessment - INFO - Question 2: Points = None
2025-07-17 14:09:24,649 - assessment - INFO - Question 3: Response = 'Not applicable: This option might apply if consent is not required due to exemptions (e.g., legal obligations).'
2025-07-17 14:09:24,649 - assessment - INFO - Question 3: Points = None
2025-07-17 14:09:24,650 - assessment - INFO - Question 4: Response = 'Partially, but some processing may exceed specified purposes: While efforts are made to limit processing to specified purposes, there may be instances where data is used beyond those purposes.'
2025-07-17 14:09:24,650 - assessment - INFO - Question 4: Points = 0.5
2025-07-17 14:09:24,651 - assessment - INFO - Question 4: Adding 0.5 points, running total = 0.5/4
2025-07-17 14:09:24,651 - assessment - INFO - Question 5: Response = 'Yes, with clear verification processes: The organization has established procedures to verify that data is provided voluntarily for specific purposes where consent exemptions apply, ensuring compliance with DPDP Act requirements.'
2025-07-17 14:09:24,652 - assessment - INFO - Question 5: Points = 1.0
2025-07-17 14:09:24,652 - assessment - INFO - Question 5: Adding 1.0 points, running total = 1.5/5
2025-07-17 14:09:24,652 - assessment - INFO - Section Data Collection and Processing score: BEFORE=30.0%, AFTER=30.0% (Corrected)
2025-07-17 14:09:24,652 - assessment - INFO - Section Data Collection and Processing: total_points=1.5, max_points=5
2025-07-17 14:09:24,653 - assessment - INFO - ===== Calculating score for section: Data Principal Rights =====
2025-07-17 14:09:24,654 - assessment - INFO - Question 1: Response = 'Yes, with clear, accessible channels: The organization provides straightforward and user-friendly methods for data principals to request access, correction, or erasure of their personal data, aligning with DPDP Act requirements.'
2025-07-17 14:09:24,654 - assessment - INFO - Question 1: Points = 1.0
2025-07-17 14:09:24,656 - assessment - INFO - Question 1: Adding 1.0 points, running total = 1.0/1
2025-07-17 14:09:24,659 - assessment - INFO - Question 2: Response = 'Not applicable: This option might apply if your organization does not handle personal data or if such rights are not relevant to your operations.'
2025-07-17 14:09:24,659 - assessment - INFO - Question 2: Points = None
2025-07-17 14:09:24,660 - assessment - INFO - Question 3: Response = 'Yes, with established processes and timelines: The organization has developed internal mechanisms to ensure timely responses to data principal requests, typically within the specified timeframe (e.g., 30 days).'
2025-07-17 14:09:24,660 - assessment - INFO - Question 3: Points = 1.0
2025-07-17 14:09:24,660 - assessment - INFO - Question 3: Adding 1.0 points, running total = 2.0/3
2025-07-17 14:09:24,662 - assessment - INFO - Question 4: Response = 'Not applicable: This option might apply if your organization does not handle personal data or if such grievances are not relevant to your operations.'
2025-07-17 14:09:24,662 - assessment - INFO - Question 4: Points = None
2025-07-17 14:09:24,664 - assessment - INFO - Question 5: Response = 'Partially, but nomination processes need clarification: While some mechanism exists, it may not be fully clear or accessible to all data principals.'
2025-07-17 14:09:24,665 - assessment - INFO - Question 5: Points = 0.5
2025-07-17 14:09:24,665 - assessment - INFO - Question 5: Adding 0.5 points, running total = 2.5/5
2025-07-17 14:09:24,666 - assessment - INFO - Section Data Principal Rights score: BEFORE=50.0%, AFTER=50.0% (Corrected)
2025-07-17 14:09:24,666 - assessment - INFO - Section Data Principal Rights: total_points=2.5, max_points=5
2025-07-17 14:09:24,666 - assessment - INFO - ===== Calculating score for section: Data Security Measures =====
2025-07-17 14:09:24,666 - assessment - INFO - Question 1: Response = 'No, we lack robust data security measures: The organization does not have adequate data security measures in place, such as encryption, obfuscation, masking, or virtual tokens.'
2025-07-17 14:09:24,668 - assessment - INFO - Question 1: Points = 0.0
2025-07-17 14:09:24,668 - assessment - INFO - Question 1: Adding 0.0 points, running total = 0.0/1
2025-07-17 14:09:24,669 - assessment - INFO - Question 2: Response = 'Yes, with robust access controls: The organization has implemented strong access controls, including authentication mechanisms, authorization protocols, and access logs to ensure that only authorized personnel can access computer resources handling personal data.'
2025-07-17 14:09:24,669 - assessment - INFO - Question 2: Points = 1.0
2025-07-17 14:09:24,670 - assessment - INFO - Question 2: Adding 1.0 points, running total = 1.0/2
2025-07-17 14:09:24,670 - assessment - INFO - Question 3: Response = 'No, we lack adequate logging and monitoring systems: The organization does not have sufficient logging, monitoring, and review systems in place to detect unauthorized access.'
2025-07-17 14:09:24,670 - assessment - INFO - Question 3: Points = 0.0
2025-07-17 14:09:24,671 - assessment - INFO - Question 3: Adding 0.0 points, running total = 1.0/3
2025-07-17 14:09:24,671 - assessment - INFO - Question 4: Response = 'No, we lack adequate backup and recovery measures: The organization does not have sufficient mechanisms in place for continued processing in case of data compromise.'
2025-07-17 14:09:24,671 - assessment - INFO - Question 4: Points = 0.0
2025-07-17 14:09:24,672 - assessment - INFO - Question 4: Adding 0.0 points, running total = 1.0/4
2025-07-17 14:09:24,673 - assessment - INFO - Question 5: Response = 'Partially, but retention period is less than one year: While some logs and data are retained, the retention period is shorter than one year.'
2025-07-17 14:09:24,674 - assessment - INFO - Question 5: Points = 0.5
2025-07-17 14:09:24,674 - assessment - INFO - Question 5: Adding 0.5 points, running total = 1.5/5
2025-07-17 14:09:24,674 - assessment - INFO - Section Data Security Measures score: BEFORE=30.0%, AFTER=30.0% (Corrected)
2025-07-17 14:09:24,676 - assessment - INFO - Section Data Security Measures: total_points=1.5, max_points=5
2025-07-17 14:09:24,677 - assessment - INFO - ===== Calculating score for section: Data Breach Notification =====
2025-07-17 14:09:24,679 - assessment - INFO - Question 1: Response = 'Not applicable: This option might apply if your organization does not handle personal data or if breach notifications are not relevant to your operations.'
2025-07-17 14:09:24,679 - assessment - INFO - Question 1: Points = None
2025-07-17 14:09:24,680 - assessment - INFO - Question 2: Response = 'Yes, with comprehensive details: The breach notification includes a clear description of the breach (nature, timing, and location), its likely consequences for affected data principals, measures implemented to mitigate risks, and safety measures data principals can take to protect themselves.'
2025-07-17 14:09:24,680 - assessment - INFO - Question 2: Points = 1.0
2025-07-17 14:09:24,681 - assessment - INFO - Question 2: Adding 1.0 points, running total = 1.0/2
2025-07-17 14:09:24,681 - assessment - INFO - Question 3: Response = 'Yes, with established procedures for timely notification: The organization has implemented processes to ensure that the Data Protection Board is notified within 72 hours of becoming aware of a breach, as required by the DPDP Act.'
2025-07-17 14:09:24,682 - assessment - INFO - Question 3: Points = 1.0
2025-07-17 14:09:24,683 - assessment - INFO - Question 3: Adding 1.0 points, running total = 2.0/3
2025-07-17 14:09:24,683 - assessment - INFO - Section Data Breach Notification score: BEFORE=66.7%, AFTER=66.7% (Corrected)
2025-07-17 14:09:24,683 - assessment - INFO - Section Data Breach Notification: total_points=2.0, max_points=3
2025-07-17 14:09:24,683 - assessment - INFO - ===== Calculating score for section: Data Retention and Erasure =====
2025-07-17 14:09:24,683 - assessment - INFO - Question 1: Response = 'Manual processes are in place, but they are effective: The organization uses manual processes for erasing personal data, which are effective but may not be as efficient as automated systems.'
2025-07-17 14:09:24,684 - assessment - INFO - Question 1: Points = 0
2025-07-17 14:09:24,684 - assessment - INFO - Question 1: Adding 0 points, running total = 0.0/1
2025-07-17 14:09:24,685 - assessment - INFO - Question 2: Response = 'No, we lack procedures for timely data erasure: The organization does not have specific procedures in place to erase personal data when it is no longer necessary or when the customer has not approached for data processing within the prescribed time period.'
2025-07-17 14:09:24,685 - assessment - INFO - Question 2: Points = 0.0
2025-07-17 14:09:24,685 - assessment - INFO - Question 2: Adding 0.0 points, running total = 0.0/2
2025-07-17 14:09:24,686 - assessment - INFO - Question 3: Response = 'Yes, with consistent 48-hour notice: The organization provides a minimum of 48 hours' notice to customers before deleting their personal data, as required by the DPDP Act.'
2025-07-17 14:09:24,686 - assessment - INFO - Question 3: Points = 1.0
2025-07-17 14:09:24,687 - assessment - INFO - Question 3: Adding 1.0 points, running total = 1.0/3
2025-07-17 14:09:24,687 - assessment - INFO - Question 4: Response = 'Partially, but erasure standards need improvement: While some secure erasure methods are in place, they may not fully align with recognized standards or could be more efficient.'
2025-07-17 14:09:24,687 - assessment - INFO - Question 4: Points = 0.5
2025-07-17 14:09:24,687 - assessment - INFO - Question 4: Adding 0.5 points, running total = 1.5/4
2025-07-17 14:09:24,688 - assessment - INFO - Section Data Retention and Erasure score: BEFORE=37.5%, AFTER=37.5% (Corrected)
2025-07-17 14:09:24,688 - assessment - INFO - Section Data Retention and Erasure: total_points=1.5, max_points=4
2025-07-17 14:09:24,688 - assessment - INFO - ===== Calculating score for section: Data Accuracy and Completeness =====
2025-07-17 14:09:24,688 - assessment - INFO - Question 1: Response = 'Partially: We have some measures in place to ensure data quality, but our processes need improvement to fully guarantee completeness, accuracy, and consistency.'
2025-07-17 14:09:24,689 - assessment - INFO - Question 1: Points = 0.5
2025-07-17 14:09:24,689 - assessment - INFO - Question 1: Adding 0.5 points, running total = 0.5/1
2025-07-17 14:09:24,689 - assessment - INFO - Question 2: Response = 'Manual tracking is used instead of automated logs: The organization relies on manual methods or basic tracking systems for monitoring database changes, which may not be as efficient or reliable as automated audit logs.'
2025-07-17 14:09:24,690 - assessment - INFO - Question 2: Points = 0
2025-07-17 14:09:24,690 - assessment - INFO - Question 2: Adding 0 points, running total = 0.5/2
2025-07-17 14:09:24,690 - assessment - INFO - Section Data Accuracy and Completeness score: BEFORE=25.0%, AFTER=25.0% (Corrected)
2025-07-17 14:09:24,691 - assessment - INFO - Section Data Accuracy and Completeness: total_points=0.5, max_points=2
2025-07-17 14:09:24,691 - assessment - INFO - ===== Calculating score for section: Children's Data Protection =====
2025-07-17 14:09:24,691 - assessment - INFO - Question 1: Response = 'No, we lack mechanisms for obtaining verifiable parental consent: The organization does not have specific mechanisms in place to obtain verifiable parental consent before processing children's data.'
2025-07-17 14:09:24,691 - assessment - INFO - Question 1: Points = 0.0
2025-07-17 14:09:24,691 - assessment - INFO - Question 1: Adding 0.0 points, running total = 0.0/1
2025-07-17 14:09:24,692 - assessment - INFO - Question 2: Response = 'Not applicable: This option might apply if your organization does not handle children's data or if such verification is not relevant to your operations.'
2025-07-17 14:09:24,692 - assessment - INFO - Question 2: Points = None
2025-07-17 14:09:24,692 - assessment - INFO - Question 3: Response = 'Partially, but we need further clarification: While the organization may fit into exempted categories, there is uncertainty about whether all activities qualify for exemptions or if additional conditions must be met.'
2025-07-17 14:09:24,692 - assessment - INFO - Question 3: Points = 0.5
2025-07-17 14:09:24,693 - assessment - INFO - Question 3: Adding 0.5 points, running total = 0.5/3
2025-07-17 14:09:24,693 - assessment - INFO - Section Children's Data Protection score: BEFORE=16.7%, AFTER=16.7% (Corrected)
2025-07-17 14:09:24,693 - assessment - INFO - Section Children's Data Protection: total_points=0.5, max_points=3
2025-07-17 14:09:24,693 - assessment - INFO - ===== Calculating score for section: Third-Party Processing =====
2025-07-17 14:09:24,693 - assessment - INFO - Question 1: Response = 'Partially, but contracts need improvement: While contracts exist, they may not fully address all necessary obligations or could be more detailed to ensure compliance with data protection regulations.'
2025-07-17 14:09:24,694 - assessment - INFO - Question 1: Points = 0.5
2025-07-17 14:09:24,694 - assessment - INFO - Question 1: Adding 0.5 points, running total = 0.5/1
2025-07-17 14:09:24,694 - assessment - INFO - Question 2: Response = 'No, we lack adequate security provisions: The organization's contracts with data processors do not include sufficient provisions for security safeguards, which could leave data vulnerable to unauthorized access or breaches.'
2025-07-17 14:09:24,694 - assessment - INFO - Question 2: Points = 0.0
2025-07-17 14:09:24,694 - assessment - INFO - Question 2: Adding 0.0 points, running total = 0.5/2
2025-07-17 14:09:24,695 - assessment - INFO - Section Third-Party Processing score: BEFORE=25.0%, AFTER=25.0% (Corrected)
2025-07-17 14:09:24,695 - assessment - INFO - Section Third-Party Processing: total_points=0.5, max_points=2
2025-07-17 14:09:24,695 - assessment - INFO - ===== Calculating score for section: Cross-Border Data Transfers =====
2025-07-17 14:09:24,695 - assessment - INFO - Question 1: Response = 'Yes, with full compliance: The organization fully complies with data localization norms set by regulators such as the RBI and IRDAI, ensuring that all relevant data (e.g., payment system data, insurance records) is stored within India as required.'
2025-07-17 14:09:24,695 - assessment - INFO - Question 1: Points = 1.0
2025-07-17 14:09:24,697 - assessment - INFO - Question 1: Adding 1.0 points, running total = 1.0/1
2025-07-17 14:09:24,697 - assessment - INFO - Question 2: Response = 'Yes, with strict compliance: The organization ensures that specified personal data and traffic data, as designated by the Central Government, are processed domestically and not transferred outside India, in compliance with the DPDP Rules.'
2025-07-17 14:09:24,699 - assessment - INFO - Question 2: Points = 1.0
2025-07-17 14:09:24,699 - assessment - INFO - Question 2: Adding 1.0 points, running total = 2.0/2
2025-07-17 14:09:24,700 - assessment - INFO - Question 3: Response = 'Not applicable: This option might apply if your organization does not handle personal data that is subject to Central Government regulations regarding cross-border transfers or if such requirements do not apply to your operations.'
2025-07-17 14:09:24,700 - assessment - INFO - Question 3: Points = None
2025-07-17 14:09:24,701 - assessment - INFO - Section Cross-Border Data Transfers score: BEFORE=66.7%, AFTER=66.7% (Corrected)
2025-07-17 14:09:24,701 - assessment - INFO - Section Cross-Border Data Transfers: total_points=2.0, max_points=3
2025-07-17 14:09:24,701 - assessment - INFO - ===== Calculating score for section: Significant Data Fiduciary Obligations =====
2025-07-17 14:09:24,703 - assessment - INFO - Question 1: Response = 'Not applicable: This option might apply if your organization is not classified as a Significant Data Fiduciary or if such requirements do not apply to your operations.'
2025-07-17 14:09:24,703 - assessment - INFO - Question 1: Points = None
2025-07-17 14:09:24,704 - assessment - INFO - Question 2: Response = 'Not applicable: This option might apply if your organization is not classified as a Significant Data Fiduciary or if such reporting requirements do not apply to your operations.'
2025-07-17 14:09:24,704 - assessment - INFO - Question 2: Points = None
2025-07-17 14:09:24,705 - assessment - INFO - Question 3: Response = 'Partially, but due diligence needs improvement: While some due diligence measures are in place, they may not fully ensure that algorithmic software is risk-free for data principals, requiring further enhancements to meet regulatory standards.'
2025-07-17 14:09:24,706 - assessment - INFO - Question 3: Points = 0.5
2025-07-17 14:09:24,706 - assessment - INFO - Question 3: Adding 0.5 points, running total = 0.5/3
2025-07-17 14:09:24,706 - assessment - INFO - Section Significant Data Fiduciary Obligations score: BEFORE=16.7%, AFTER=16.7% (Corrected)
2025-07-17 14:09:24,709 - assessment - INFO - Section Significant Data Fiduciary Obligations: total_points=0.5, max_points=3
2025-07-17 14:09:24,709 - assessment - INFO - ===== Calculating score for section: Grievance Redressal =====
2025-07-17 14:09:24,710 - assessment - INFO - Question 1: Response = 'Not applicable: This option might apply if your organization does not handle personal data or if such grievance redressal mechanisms are not relevant to your operations.'
2025-07-17 14:09:24,710 - assessment - INFO - Question 1: Points = None
2025-07-17 14:09:24,711 - assessment - INFO - Question 2: Response = 'Partially, but publication needs improvement: While some information about grievance response timelines is available, it may not be clearly published or easily accessible on the website or app, requiring further enhancements.'
2025-07-17 14:09:24,711 - assessment - INFO - Question 2: Points = 0.5
2025-07-17 14:09:24,711 - assessment - INFO - Question 2: Adding 0.5 points, running total = 0.5/2
2025-07-17 14:09:24,712 - assessment - INFO - Question 3: Response = 'Yes, with robust measures: The organization has implemented comprehensive technical and organizational measures to ensure the effectiveness of the grievance redressal system, including dedicated channels for submitting grievances, clear timelines for resolution, and a robust monitoring system to analyze performance and identify trends.'
2025-07-17 14:09:24,712 - assessment - WARNING - No points assigned for response: 'Yes, with robust measures: The organization has implemented comprehensive technical and organizational measures to ensure the effectiveness of the grievance redressal system, including dedicated channels for submitting grievances, clear timelines for resolution, and a robust monitoring system to analyze performance and identify trends.'
2025-07-17 14:09:24,715 - assessment - INFO - Section Grievance Redressal score: BEFORE=16.7%, AFTER=16.7% (Corrected)
2025-07-17 14:09:24,715 - assessment - INFO - Section Grievance Redressal: total_points=0.5, max_points=3
2025-07-17 14:09:24,716 - assessment - INFO - ===== Calculating score for section: Exemptions =====
2025-07-17 14:09:24,716 - assessment - INFO - Question 1: Response = 'Yes, we are aware of these exemptions: The organization is aware of the exemptions under the DPDP Act that allow for processing personal data without consent for specific purposes, such as preventing or investigating offenses, assessing financial information of loan defaulters, and enforcing legal rights or claims.'
2025-07-17 14:09:24,716 - assessment - INFO - Question 1: Points = 1.0
2025-07-17 14:09:24,718 - assessment - INFO - Question 1: Adding 1.0 points, running total = 1.0/1
2025-07-17 14:09:24,718 - assessment - INFO - Question 2: Response = 'Yes, we have received exemptions: The organization has been granted exemptions by the government based on the volume and nature of personal data processed, which may apply to startups or other entities meeting specific criteria.'
2025-07-17 14:09:24,718 - assessment - INFO - Question 2: Points = 1.0
2025-07-17 14:09:24,718 - assessment - INFO - Question 2: Adding 1.0 points, running total = 2.0/2
2025-07-17 14:09:24,718 - assessment - INFO - Section Exemptions score: BEFORE=100.0%, AFTER=100.0% (Corrected)
2025-07-17 14:09:24,719 - assessment - INFO - Section Exemptions: total_points=2.0, max_points=2
2025-07-17 14:09:24,719 - assessment - INFO - ===== Calculating score for section: Documentation and Compliance =====
2025-07-17 14:09:24,720 - assessment - INFO - Question 1: Response = 'No, we lack comprehensive documentation: The organization does not have adequate documentation of its personal data protection processes, which could lead to compliance issues and difficulties in demonstrating accountability.'
2025-07-17 14:09:24,720 - assessment - INFO - Question 1: Points = 0.0
2025-07-17 14:09:24,722 - assessment - INFO - Question 1: Adding 0.0 points, running total = 0.0/1
2025-07-17 14:09:24,722 - assessment - INFO - Question 2: Response = 'Yes, with regular reviews and updates: The organization regularly reviews and updates its data protection policies and procedures to ensure they remain effective, compliant with evolving regulations, and aligned with organizational changes.'
2025-07-17 14:09:24,722 - assessment - INFO - Question 2: Points = 1.0
2025-07-17 14:09:24,722 - assessment - INFO - Question 2: Adding 1.0 points, running total = 1.0/2
2025-07-17 14:09:24,723 - assessment - INFO - Question 3: Response = 'Not applicable: This option might apply if your organization does not handle personal data or if such appointments are not relevant to your operations.'
2025-07-17 14:09:24,723 - assessment - INFO - Question 3: Points = None
2025-07-17 14:09:24,723 - assessment - INFO - Question 4: Response = 'Partially, but training needs improvement: While some training is provided, it may not be regular or comprehensive enough to fully address all DPDP compliance requirements, requiring further enhancements.'
2025-07-17 14:09:24,723 - assessment - INFO - Question 4: Points = 0.5
2025-07-17 14:09:24,724 - assessment - INFO - Question 4: Adding 0.5 points, running total = 1.5/4
2025-07-17 14:09:24,724 - assessment - INFO - Question 5: Response = 'Not applicable: This option might apply if your organization does not handle personal data or if staying updated on data protection regulations is not relevant to your operations.'
2025-07-17 14:09:24,725 - assessment - INFO - Question 5: Points = None
2025-07-17 14:09:24,725 - assessment - INFO - Section Documentation and Compliance score: BEFORE=30.0%, AFTER=30.0% (Corrected)
2025-07-17 14:09:24,726 - assessment - INFO - Section Documentation and Compliance: total_points=1.5, max_points=5
2025-07-17 14:09:24,726 - assessment - INFO - Verifying all sections have scores...
2025-07-17 14:09:24,726 - assessment - INFO - Calculated section scores: {'Data Collection and Processing': 0.3, 'Data Principal Rights': 0.5, 'Data Security Measures': 0.3, 'Data Breach Notification': 0.6666666666666666, 'Data Retention and Erasure': 0.375, 'Data Accuracy and Completeness': 0.25, "Children's Data Protection": 0.16666666666666666, 'Third-Party Processing': 0.25, 'Cross-Border Data Transfers': 0.6666666666666666, 'Significant Data Fiduciary Obligations': 0.16666666666666666, 'Grievance Redressal': 0.16666666666666666, 'Exemptions': 1.0, 'Documentation and Compliance': 0.3}
2025-07-17 14:09:24,727 - assessment - INFO - ===== Calculating weighted overall score =====
2025-07-17 14:09:24,727 - assessment - INFO - Section Data Collection and Processing: score=0.30, weight=0.11, contribution=0.03
2025-07-17 14:09:24,727 - assessment - INFO - Section Data Principal Rights: score=0.50, weight=0.11, contribution=0.06
2025-07-17 14:09:24,728 - assessment - INFO - Section Data Security Measures: score=0.30, weight=0.13, contribution=0.04
2025-07-17 14:09:24,728 - assessment - INFO - Section Data Breach Notification: score=0.67, weight=0.10, contribution=0.07
2025-07-17 14:09:24,728 - assessment - INFO - Section Data Retention and Erasure: score=0.38, weight=0.05, contribution=0.02
2025-07-17 14:09:24,728 - assessment - INFO - Section Data Accuracy and Completeness: score=0.25, weight=0.08, contribution=0.02
2025-07-17 14:09:24,728 - assessment - INFO - Section Children's Data Protection: score=0.17, weight=0.03, contribution=0.00
2025-07-17 14:09:24,730 - assessment - INFO - Section Third-Party Processing: score=0.25, weight=0.08, contribution=0.02
2025-07-17 14:09:24,730 - assessment - INFO - Section Cross-Border Data Transfers: score=0.67, weight=0.06, contribution=0.04
2025-07-17 14:09:24,730 - assessment - INFO - Section Significant Data Fiduciary Obligations: score=0.17, weight=0.10, contribution=0.02
2025-07-17 14:09:24,730 - assessment - INFO - Section Grievance Redressal: score=0.17, weight=0.05, contribution=0.01
2025-07-17 14:09:24,731 - assessment - INFO - Section Exemptions: score=1.00, weight=0.03, contribution=0.03
2025-07-17 14:09:24,731 - assessment - INFO - Section Documentation and Compliance: score=0.30, weight=0.06, contribution=0.02
2025-07-17 14:09:24,731 - assessment - INFO - Total weighted score: 0.3704166666666666, Total weight: 0.99
2025-07-17 14:09:24,731 - assessment - INFO - Overall score calculation: (0.3704166666666666 / total_weight) * 100 = 37.42%
2025-07-17 14:09:24,885 - __main__ - INFO - Application started - Logging initialized
2025-07-17 14:09:25,180 - views - INFO - Requesting AI report generation with the following configuration:
2025-07-17 14:09:25,181 - views - INFO - AI enabled: True
2025-07-17 14:09:25,183 - views - INFO - API key available: Yes
2025-07-17 14:09:25,187 - views - INFO - API provider: openrouter
2025-07-17 14:09:25,188 - nlg_report - INFO - AI API is fully configured and enabled
2025-07-17 14:09:25,191 - nlg_report - INFO - Configuring OpenRouter API client
2025-07-17 14:09:25,920 - nlg_report - INFO - OpenRouter client configured with model: deepseek/deepseek-chat-v3-0324:free
2025-07-17 14:09:25,921 - nlg_report - INFO - Creating AI prompt for markdown format from context data
2025-07-17 14:09:25,921 - nlg_report - INFO - Created prompt with length: 9951 characters
2025-07-17 14:09:25,921 - nlg_report - INFO - Making API request attempt 1/3
2025-07-17 14:09:25,922 - nlg_report - INFO - Sending request to OpenRouter API
2025-07-17 14:09:29,040 - httpx - INFO - HTTP Request: POST https://openrouter.ai/api/v1/chat/completions "HTTP/1.1 200 OK"
2025-07-17 14:09:46,640 - nlg_report - INFO - Received full API response
2025-07-17 14:09:46,640 - nlg_report - INFO - API call completed successfully in 20.72 seconds
2025-07-17 14:09:46,641 - nlg_report - INFO - Received valid response with content length: 4806 characters
2025-07-17 14:09:49,210 - views - INFO - Report generation completed in 24.02 seconds
2025-07-17 14:09:49,211 - views - INFO - Report length: 4806 characters
2025-07-17 14:09:49,221 - views - INFO - Looking for logo at: C:\Users\HP\OneDrive - DataInfa Solution Private Limited\Projects\DPDP-main\DPDP-main\Assets\@DataINFA.png
2025-07-17 14:09:49,235 - views - INFO - Looking for logo at: C:\Users\HP\OneDrive - DataInfa Solution Private Limited\Projects\DPDP-main\DPDP-main\Assets\@DataINFA.png
2025-07-17 14:09:49,308 - views - INFO - Temporary PDF output path: C:\Users\HP\AppData\Local\Temp\tmp3g7_ui0k.pdf
2025-07-17 14:09:49,308 - views - INFO - Attempting conversion and save to: C:\Users\HP\AppData\Local\Temp\tmp3g7_ui0k.pdf
2025-07-17 14:09:49,344 - views - INFO - markdown-pdf save operation completed for C:\Users\HP\AppData\Local\Temp\tmp3g7_ui0k.pdf
2025-07-17 14:09:49,345 - views - INFO - Output PDF file exists: C:\Users\HP\AppData\Local\Temp\tmp3g7_ui0k.pdf
2025-07-17 14:09:49,378 - views - INFO - Successfully read 151237 bytes from C:\Users\HP\AppData\Local\Temp\tmp3g7_ui0k.pdf
2025-07-17 14:09:49,380 - views - INFO - Cleaned up temporary PDF file: C:\Users\HP\AppData\Local\Temp\tmp3g7_ui0k.pdf
2025-07-17 14:09:49,423 - views - INFO - [render_assessment] Mapped regulation_for_loader: DPDP
2025-07-17 14:12:32,870 - __main__ - INFO - Application started - Logging initialized
2025-07-17 14:12:33,181 - views - INFO - [render_assessment] Mapped regulation_for_loader: DPDP
2025-07-17 14:20:29,002 - __main__ - INFO - Application started - Logging initialized
2025-07-17 14:20:29,045 - helpers - INFO - Navigating to page: privacy from report
2025-07-17 14:20:29,211 - __main__ - INFO - Application started - Logging initialized
2025-07-17 14:20:38,455 - __main__ - INFO - Application started - Logging initialized
2025-07-17 14:20:39,430 - __main__ - INFO - Application started - Logging initialized
2025-07-17 14:20:41,437 - __main__ - INFO - Application started - Logging initialized
2025-07-17 14:20:43,375 - __main__ - INFO - Application started - Logging initialized
2025-07-17 14:20:43,435 - privacy_policy_analyzer - INFO - Searching privacy policy for organization: Air India in country: India
2025-07-17 14:20:44,008 - privacy_policy_analyzer - INFO - Found privacy policy URL for Air India: https://www.airindia.com/in/en/privacy-notice.html
2025-07-17 14:20:44,010 - privacy_policy_analyzer - INFO - Fetching privacy policy content from: https://www.airindia.com/in/en/privacy-notice.html
2025-07-17 14:21:05,548 - privacy_policy_analyzer - WARNING - Connection error on attempt 1: ('Connection aborted.', RemoteDisconnected('Remote end closed connection without response'))
2025-07-17 14:21:29,088 - privacy_policy_analyzer - WARNING - Connection error on attempt 2: ('Connection aborted.', RemoteDisconnected('Remote end closed connection without response'))
2025-07-17 14:22:01,113 - privacy_policy_analyzer - WARNING - Timeout error on attempt 3: HTTPSConnectionPool(host='www.airindia.com', port=443): Read timed out. (read timeout=30)
2025-07-17 14:22:01,114 - privacy_policy_analyzer - ERROR - Request timed out after 3 attempts
2025-07-17 14:24:04,143 - __main__ - INFO - Application started - Logging initialized
2025-07-17 14:24:04,192 - helpers - INFO - Navigating to page: discovery from privacy
2025-07-17 14:24:04,382 - __main__ - INFO - Application started - Logging initialized
2025-07-17 14:24:14,702 - __main__ - INFO - Application started - Logging initialized
2025-07-17 14:38:37,345 - __main__ - INFO - Application started - Logging initialized
2025-07-17 14:49:15,389 - __main__ - INFO - Application started - Logging initialized
2025-07-17 15:58:13,938 - __main__ - INFO - Application started - Logging initialized
2025-07-17 15:59:21,491 - __main__ - INFO - Application started - Logging initialized
2025-07-17 16:01:58,515 - __main__ - INFO - Application started - Logging initialized
2025-07-17 16:38:24,031 - __main__ - INFO - Application started - Logging initialized
2025-07-17 16:44:26,072 - __main__ - INFO - Application started - Logging initialized
2025-07-17 17:05:40,320 - __main__ - INFO - Application started - Logging initialized
2025-07-17 17:07:01,155 - __main__ - INFO - Application started - Logging initialized
2025-07-18 11:40:14,330 - __main__ - INFO - Application started - Logging initialized
2025-07-18 11:59:17,816 - __main__ - INFO - Application started - Logging initialized
2025-07-18 11:59:35,287 - __main__ - INFO - Application started - Logging initialized
2025-07-18 11:59:54,111 - __main__ - INFO - Application started - Logging initialized
2025-07-18 13:17:43,447 - __main__ - INFO - Application started - Logging initialized
2025-07-18 14:06:32,480 - __main__ - INFO - Application started - Logging initialized
2025-07-18 16:40:51,432 - __main__ - INFO - Application started - Logging initialized
